datetime,timestamp,cpu_cu,pixel_x
2026-02-02 01:00:00,1769990400,0.0233,10.0
2026-02-02 01:00:19,1769990419,0.0233,10.21
2026-02-02 01:00:40,1769990440,0.0232,10.421
2026-02-02 01:01:00,1769990460,0.0232,10.631
2026-02-02 01:01:19,1769990479,0.0231,10.841
2026-02-02 01:01:39,1769990499,0.0229,11.051
2026-02-02 01:02:00,1769990520,0.0228,11.262
2026-02-02 01:02:20,1769990540,0.0227,11.472
2026-02-02 01:02:39,1769990559,0.0227,11.682
2026-02-02 01:02:59,1769990579,0.0227,11.892
2026-02-02 01:03:20,1769990600,0.0227,12.103
2026-02-02 01:03:40,1769990620,0.0227,12.313
2026-02-02 01:03:59,1769990639,0.0227,12.523
2026-02-02 01:04:19,1769990659,0.0227,12.733
2026-02-02 01:04:40,1769990680,0.0212,12.944
2026-02-02 01:05:00,1769990700,0.0212,13.154
2026-02-02 01:05:19,1769990719,0.0212,13.364
2026-02-02 01:05:40,1769990740,0.0217,13.575
2026-02-02 01:06:00,1769990760,0.022,13.785
2026-02-02 01:06:19,1769990779,0.0223,13.995
2026-02-02 01:06:39,1769990799,0.023,14.205
2026-02-02 01:07:00,1769990820,0.023,14.416
2026-02-02 01:07:20,1769990840,0.023,14.626
2026-02-02 01:07:39,1769990859,0.023,14.836
2026-02-02 01:07:59,1769990879,0.023,15.046
2026-02-02 01:08:20,1769990900,0.023,15.257
2026-02-02 01:08:40,1769990920,0.0223,15.467
2026-02-02 01:08:59,1769990939,0.0223,15.677
2026-02-02 01:09:19,1769990959,0.0223,15.887
2026-02-02 01:09:40,1769990980,0.0234,16.098
2026-02-02 01:10:00,1769991000,0.0235,16.308
2026-02-02 01:10:19,1769991019,0.0236,16.518
2026-02-02 01:10:40,1769991040,0.0236,16.729
2026-02-02 01:11:00,1769991060,0.0237,16.939
2026-02-02 01:11:19,1769991079,0.0237,17.149
2026-02-02 01:11:39,1769991099,0.0238,17.359
2026-02-02 01:12:00,1769991120,0.0238,17.57
2026-02-02 01:12:20,1769991140,0.0238,17.78
2026-02-02 01:12:39,1769991159,0.0238,17.99
2026-02-02 01:12:59,1769991179,0.0238,18.2
2026-02-02 01:13:20,1769991200,0.0238,18.411
2026-02-02 01:13:40,1769991220,0.022,18.621
2026-02-02 01:13:59,1769991239,0.022,18.831
2026-02-02 01:14:19,1769991259,0.022,19.041
2026-02-02 01:14:40,1769991280,0.0224,19.252
2026-02-02 01:15:00,1769991300,0.0227,19.462
2026-02-02 01:15:19,1769991319,0.0229,19.672
2026-02-02 01:15:39,1769991339,0.0235,19.882
2026-02-02 01:16:00,1769991360,0.0235,20.093
2026-02-02 01:16:19,1769991379,0.0235,20.303
2026-02-02 01:16:39,1769991399,0.0227,20.513
2026-02-02 01:17:00,1769991420,0.0227,20.724
2026-02-02 01:17:20,1769991440,0.0227,20.934
2026-02-02 01:17:39,1769991459,0.026,21.144
2026-02-02 01:17:59,1769991479,0.026,21.354
2026-02-02 01:18:20,1769991500,0.026,21.565
2026-02-02 01:18:40,1769991520,0.0223,21.775
2026-02-02 01:18:59,1769991539,0.0223,21.985
2026-02-02 01:19:19,1769991559,0.0223,22.195
2026-02-02 01:19:40,1769991580,0.0224,22.406
2026-02-02 01:20:00,1769991600,0.0227,22.616
2026-02-02 01:20:19,1769991619,0.0229,22.826
2026-02-02 01:20:39,1769991639,0.0242,23.036
2026-02-02 01:21:00,1769991660,0.0242,23.247
2026-02-02 01:21:19,1769991679,0.0242,23.457
2026-02-02 01:21:39,1769991699,0.0223,23.667
2026-02-02 01:22:00,1769991720,0.0223,23.878
2026-02-02 01:22:20,1769991740,0.0223,24.088
2026-02-02 01:22:39,1769991759,0.0235,24.298
2026-02-02 01:22:59,1769991779,0.0235,24.508
2026-02-02 01:23:20,1769991800,0.0235,24.719
2026-02-02 01:23:40,1769991820,0.0223,24.929
2026-02-02 01:23:59,1769991839,0.0223,25.139
2026-02-02 01:24:19,1769991859,0.0223,25.349
2026-02-02 01:24:40,1769991880,0.0224,25.56
2026-02-02 01:25:00,1769991900,0.0227,25.77
2026-02-02 01:25:19,1769991919,0.0229,25.98
2026-02-02 01:25:39,1769991939,0.0242,26.19
2026-02-02 01:26:00,1769991960,0.0242,26.401
2026-02-02 01:26:19,1769991979,0.0242,26.611
2026-02-02 01:26:39,1769991999,0.0223,26.821
2026-02-02 01:27:00,1769992020,0.0223,27.032
2026-02-02 01:27:20,1769992040,0.0223,27.242
2026-02-02 01:27:39,1769992059,0.0232,27.452
2026-02-02 01:27:59,1769992079,0.0232,27.662
2026-02-02 01:28:20,1769992100,0.0232,27.873
2026-02-02 01:28:40,1769992120,0.0225,28.083
2026-02-02 01:28:59,1769992139,0.0225,28.293
2026-02-02 01:29:19,1769992159,0.0225,28.503
2026-02-02 01:29:40,1769992180,0.0235,28.714
2026-02-02 01:30:00,1769992200,0.0235,28.924
2026-02-02 01:30:19,1769992219,0.0235,29.134
2026-02-02 01:30:39,1769992239,0.0231,29.344
2026-02-02 01:31:00,1769992260,0.0228,29.555
2026-02-02 01:31:20,1769992280,0.0226,29.765
2026-02-02 01:31:39,1769992299,0.0222,29.975
2026-02-02 01:32:00,1769992320,0.0222,30.186
2026-02-02 01:32:20,1769992340,0.0222,30.396
2026-02-02 01:32:39,1769992359,0.0228,30.606
2026-02-02 01:32:59,1769992379,0.023,30.816
2026-02-02 01:33:20,1769992400,0.0232,31.027
2026-02-02 01:33:40,1769992420,0.0235,31.237
2026-02-02 01:33:59,1769992439,0.0235,31.447
2026-02-02 01:34:19,1769992459,0.0235,31.657
2026-02-02 01:34:40,1769992480,0.0222,31.868
2026-02-02 01:35:00,1769992500,0.0222,32.078
2026-02-02 01:35:19,1769992519,0.0222,32.288
2026-02-02 01:35:39,1769992539,0.0223,32.498
2026-02-02 01:36:00,1769992560,0.0223,32.709
2026-02-02 01:36:20,1769992580,0.0223,32.919
2026-02-02 01:36:39,1769992599,0.0223,33.129
2026-02-02 01:37:00,1769992620,0.0222,33.34
2026-02-02 01:37:20,1769992640,0.0221,33.55
2026-02-02 01:37:39,1769992659,0.0217,33.76
2026-02-02 01:37:59,1769992679,0.0217,33.97
2026-02-02 01:38:20,1769992700,0.0217,34.181
2026-02-02 01:38:40,1769992720,0.0225,34.391
2026-02-02 01:38:59,1769992739,0.0225,34.601
2026-02-02 01:39:19,1769992759,0.0225,34.811
2026-02-02 01:39:40,1769992780,0.0225,35.022
2026-02-02 01:40:00,1769992800,0.0225,35.232
2026-02-02 01:40:19,1769992819,0.0225,35.442
2026-02-02 01:40:39,1769992839,0.0232,35.652
2026-02-02 01:41:00,1769992860,0.0235,35.863
2026-02-02 01:41:20,1769992880,0.0238,36.073
2026-02-02 01:41:39,1769992899,0.0245,36.283
2026-02-02 01:42:00,1769992920,0.0245,36.494
2026-02-02 01:42:20,1769992940,0.0245,36.704
2026-02-02 01:42:39,1769992959,0.0235,36.914
2026-02-02 01:42:59,1769992979,0.0235,37.124
2026-02-02 01:43:20,1769993000,0.0235,37.335
2026-02-02 01:43:40,1769993020,0.0255,37.545
2026-02-02 01:43:59,1769993039,0.0255,37.755
2026-02-02 01:44:19,1769993059,0.0255,37.965
2026-02-02 01:44:40,1769993080,0.0235,38.176
2026-02-02 01:45:00,1769993100,0.0235,38.386
2026-02-02 01:45:19,1769993119,0.0235,38.596
2026-02-02 01:45:39,1769993139,0.0245,38.806
2026-02-02 01:46:00,1769993160,0.0245,39.017
2026-02-02 01:46:20,1769993180,0.0245,39.227
2026-02-02 01:46:39,1769993199,0.0244,39.437
2026-02-02 01:46:59,1769993219,0.0242,39.647
2026-02-02 01:47:20,1769993240,0.0239,39.858
2026-02-02 01:47:39,1769993259,0.0231,40.068
2026-02-02 01:47:59,1769993279,0.0228,40.278
2026-02-02 01:48:20,1769993300,0.0226,40.489
2026-02-02 01:48:40,1769993320,0.0226,40.699
2026-02-02 01:48:59,1769993339,0.0225,40.909
2026-02-02 01:49:19,1769993359,0.0224,41.119
2026-02-02 01:49:40,1769993380,0.022,41.33
2026-02-02 01:50:00,1769993400,0.022,41.54
2026-02-02 01:50:19,1769993419,0.022,41.75
2026-02-02 01:50:39,1769993439,0.0232,41.96
2026-02-02 01:51:00,1769993460,0.0232,42.171
2026-02-02 01:51:20,1769993480,0.0232,42.381
2026-02-02 01:51:39,1769993499,0.0225,42.591
2026-02-02 01:51:59,1769993519,0.0225,42.801
2026-02-02 01:52:20,1769993540,0.0225,43.012
2026-02-02 01:52:39,1769993559,0.0225,43.222
2026-02-02 01:52:59,1769993579,0.0225,43.432
2026-02-02 01:53:20,1769993600,0.0225,43.643
2026-02-02 01:53:40,1769993620,0.023,43.853
2026-02-02 01:53:59,1769993639,0.023,44.063
2026-02-02 01:54:19,1769993659,0.023,44.273
2026-02-02 01:54:40,1769993680,0.0222,44.484
2026-02-02 01:55:00,1769993700,0.0222,44.694
2026-02-02 01:55:19,1769993719,0.0222,44.904
2026-02-02 01:55:39,1769993739,0.0227,45.114
2026-02-02 01:56:00,1769993760,0.0227,45.325
2026-02-02 01:56:20,1769993780,0.0227,45.535
2026-02-02 01:56:39,1769993799,0.0227,45.745
2026-02-02 01:56:59,1769993819,0.0227,45.955
2026-02-02 01:57:20,1769993840,0.0227,46.166
2026-02-02 01:57:39,1769993859,0.0222,46.376
2026-02-02 01:57:59,1769993879,0.0222,46.586
2026-02-02 01:58:20,1769993900,0.0222,46.797
2026-02-02 01:58:40,1769993920,0.0223,47.007
2026-02-02 01:58:59,1769993939,0.0225,47.217
2026-02-02 01:59:19,1769993959,0.0227,47.427
2026-02-02 01:59:40,1769993980,0.0233,47.638
2026-02-02 02:00:00,1769994000,0.0233,47.848
2026-02-02 02:00:19,1769994019,0.0233,48.058
2026-02-02 02:00:39,1769994039,0.0233,48.268
2026-02-02 02:01:00,1769994060,0.0233,48.479
2026-02-02 02:01:20,1769994080,0.0233,48.689
2026-02-02 02:01:39,1769994099,0.023,48.899
2026-02-02 02:01:59,1769994119,0.023,49.109
2026-02-02 02:02:20,1769994140,0.023,49.32
2026-02-02 02:02:40,1769994160,0.0232,49.53
2026-02-02 02:02:59,1769994179,0.0232,49.74
2026-02-02 02:03:20,1769994200,0.0232,49.951
2026-02-02 02:03:40,1769994220,0.0222,50.161
2026-02-02 02:03:59,1769994239,0.0222,50.371
2026-02-02 02:04:19,1769994259,0.0222,50.581
2026-02-02 02:04:40,1769994280,0.0222,50.792
2026-02-02 02:05:00,1769994300,0.0223,51.002
2026-02-02 02:05:19,1769994319,0.0224,51.212
2026-02-02 02:05:39,1769994339,0.0227,51.422
2026-02-02 02:06:00,1769994360,0.0227,51.633
2026-02-02 02:06:20,1769994380,0.0227,51.843
2026-02-02 02:06:39,1769994399,0.0227,52.053
2026-02-02 02:06:59,1769994419,0.0227,52.263
2026-02-02 02:07:20,1769994440,0.0227,52.474
2026-02-02 02:07:40,1769994460,0.0228,52.684
2026-02-02 02:07:59,1769994479,0.0228,52.894
2026-02-02 02:08:20,1769994500,0.0228,53.105
2026-02-02 02:08:40,1769994520,0.0224,53.315
2026-02-02 02:08:59,1769994539,0.022,53.525
2026-02-02 02:09:19,1769994559,0.0216,53.735
2026-02-02 02:09:40,1769994580,0.0202,53.946
2026-02-02 02:10:00,1769994600,0.0202,54.156
2026-02-02 02:10:19,1769994619,0.0202,54.366
2026-02-02 02:10:39,1769994639,0.0237,54.576
2026-02-02 02:11:00,1769994660,0.0237,54.787
2026-02-02 02:11:20,1769994680,0.0237,54.997
2026-02-02 02:11:39,1769994699,0.0225,55.207
2026-02-02 02:11:59,1769994719,0.0225,55.417
2026-02-02 02:12:20,1769994740,0.0225,55.628
2026-02-02 02:12:40,1769994760,0.0225,55.838
2026-02-02 02:12:59,1769994779,0.0225,56.048
2026-02-02 02:13:20,1769994800,0.0225,56.259
2026-02-02 02:13:40,1769994820,0.022,56.469
2026-02-02 02:13:59,1769994839,0.022,56.679
2026-02-02 02:14:19,1769994859,0.022,56.889
2026-02-02 02:14:40,1769994880,0.0222,57.1
2026-02-02 02:15:00,1769994900,0.0223,57.31
2026-02-02 02:15:19,1769994919,0.0224,57.52
2026-02-02 02:15:39,1769994939,0.0226,57.73
2026-02-02 02:16:00,1769994960,0.0227,57.941
2026-02-02 02:16:20,1769994980,0.0227,58.151
2026-02-02 02:16:39,1769994999,0.0228,58.361
2026-02-02 02:16:59,1769995019,0.0228,58.571
2026-02-02 02:17:20,1769995040,0.0228,58.782
2026-02-02 02:17:40,1769995060,0.0215,58.992
2026-02-02 02:17:59,1769995079,0.0215,59.202
2026-02-02 02:18:19,1769995099,0.0215,59.412
2026-02-02 02:18:40,1769995120,0.0215,59.623
2026-02-02 02:18:59,1769995139,0.0215,59.833
2026-02-02 02:19:19,1769995159,0.0215,60.043
2026-02-02 02:19:40,1769995180,0.0225,60.254
2026-02-02 02:20:00,1769995200,0.0225,60.464
2026-02-02 02:20:19,1769995219,0.0225,60.674
2026-02-02 02:20:39,1769995239,0.0213,60.884
2026-02-02 02:21:00,1769995260,0.0213,61.095
2026-02-02 02:21:20,1769995280,0.0213,61.305
2026-02-02 02:21:39,1769995299,0.0217,61.515
2026-02-02 02:21:59,1769995319,0.0218,61.725
2026-02-02 02:22:20,1769995340,0.022,61.936
2026-02-02 02:22:40,1769995360,0.0223,62.146
2026-02-02 02:22:59,1769995379,0.0223,62.356
2026-02-02 02:23:19,1769995399,0.0223,62.566
2026-02-02 02:23:40,1769995420,0.0222,62.777
2026-02-02 02:23:59,1769995439,0.022,62.987
2026-02-02 02:24:19,1769995459,0.0218,63.197
2026-02-02 02:24:40,1769995480,0.0213,63.408
2026-02-02 02:25:00,1769995500,0.0213,63.618
2026-02-02 02:25:19,1769995519,0.0213,63.828
2026-02-02 02:25:39,1769995539,0.0232,64.038
2026-02-02 02:26:00,1769995560,0.0232,64.249
2026-02-02 02:26:20,1769995580,0.0232,64.459
2026-02-02 02:26:39,1769995599,0.023,64.669
2026-02-02 02:26:59,1769995619,0.023,64.879
2026-02-02 02:27:20,1769995640,0.023,65.09
2026-02-02 02:27:40,1769995660,0.0232,65.3
2026-02-02 02:27:59,1769995679,0.0232,65.51
2026-02-02 02:28:19,1769995699,0.0232,65.72
2026-02-02 02:28:40,1769995720,0.0232,65.931
2026-02-02 02:28:59,1769995739,0.0232,66.141
2026-02-02 02:29:19,1769995759,0.0232,66.351
2026-02-02 02:29:40,1769995780,0.0213,66.562
2026-02-02 02:30:00,1769995800,0.0213,66.772
2026-02-02 02:30:19,1769995819,0.0213,66.982
2026-02-02 02:30:39,1769995839,0.0236,67.192
2026-02-02 02:31:00,1769995860,0.0238,67.403
2026-02-02 02:31:20,1769995880,0.0241,67.613
2026-02-02 02:31:39,1769995899,0.0242,67.823
2026-02-02 02:31:59,1769995919,0.0242,68.033
2026-02-02 02:32:20,1769995940,0.0242,68.244
2026-02-02 02:32:40,1769995960,0.0224,68.454
2026-02-02 02:32:59,1769995979,0.0222,68.664
2026-02-02 02:33:19,1769995999,0.0219,68.874
2026-02-02 02:33:40,1769996020,0.0218,69.085
2026-02-02 02:34:00,1769996040,0.0218,69.295
2026-02-02 02:34:19,1769996059,0.0218,69.505
2026-02-02 02:34:40,1769996080,0.0222,69.716
2026-02-02 02:35:00,1769996100,0.0223,69.926
2026-02-02 02:35:19,1769996119,0.0225,70.136
2026-02-02 02:35:39,1769996139,0.0228,70.346
2026-02-02 02:36:00,1769996160,0.0228,70.557
2026-02-02 02:36:20,1769996180,0.0228,70.767
2026-02-02 02:36:39,1769996199,0.0228,70.977
2026-02-02 02:36:59,1769996219,0.0228,71.187
2026-02-02 02:37:20,1769996240,0.0228,71.398
2026-02-02 02:37:40,1769996260,0.0229,71.608
2026-02-02 02:37:59,1769996279,0.023,71.818
2026-02-02 02:38:19,1769996299,0.0231,72.028
2026-02-02 02:38:40,1769996320,0.026,72.239
2026-02-02 02:39:00,1769996340,0.026,72.449
2026-02-02 02:39:19,1769996359,0.026,72.659
2026-02-02 02:39:40,1769996380,0.0217,72.87
2026-02-02 02:40:00,1769996400,0.0217,73.08
2026-02-02 02:40:19,1769996419,0.0217,73.29
2026-02-02 02:40:39,1769996439,0.0275,73.5
2026-02-02 02:41:00,1769996460,0.0275,73.711
2026-02-02 02:41:20,1769996480,0.0275,73.921
2026-02-02 02:41:39,1769996499,0.0274,74.131
2026-02-02 02:41:59,1769996519,0.0272,74.341
2026-02-02 02:42:20,1769996540,0.0269,74.552
2026-02-02 02:42:40,1769996560,0.022,74.762
2026-02-02 02:42:59,1769996579,0.022,74.972
2026-02-02 02:43:19,1769996599,0.022,75.182
2026-02-02 02:43:40,1769996620,0.022,75.393
2026-02-02 02:44:00,1769996640,0.022,75.603
2026-02-02 02:44:19,1769996659,0.022,75.813
2026-02-02 02:44:40,1769996680,0.022,76.024
2026-02-02 02:45:00,1769996700,0.022,76.234
2026-02-02 02:45:19,1769996719,0.022,76.444
2026-02-02 02:45:39,1769996739,0.0227,76.654
2026-02-02 02:46:00,1769996760,0.0227,76.865
2026-02-02 02:46:20,1769996780,0.0227,77.075
2026-02-02 02:46:39,1769996799,0.0223,77.285
2026-02-02 02:46:59,1769996819,0.0223,77.495
2026-02-02 02:47:20,1769996840,0.0223,77.706
2026-02-02 02:47:40,1769996860,0.0238,77.916
2026-02-02 02:47:59,1769996879,0.0238,78.126
2026-02-02 02:48:19,1769996899,0.0238,78.336
2026-02-02 02:48:40,1769996920,0.0228,78.547
2026-02-02 02:49:00,1769996940,0.0228,78.757
2026-02-02 02:49:19,1769996959,0.0228,78.967
2026-02-02 02:49:39,1769996979,0.023,79.177
2026-02-02 02:50:00,1769997000,0.023,79.388
2026-02-02 02:50:19,1769997019,0.023,79.598
2026-02-02 02:50:39,1769997039,0.023,79.808
2026-02-02 02:51:00,1769997060,0.023,80.019
2026-02-02 02:51:20,1769997080,0.023,80.229
2026-02-02 02:51:39,1769997099,0.0228,80.439
2026-02-02 02:51:59,1769997119,0.0228,80.649
2026-02-02 02:52:20,1769997140,0.0228,80.86
2026-02-02 02:52:40,1769997160,0.0238,81.07
2026-02-02 02:52:59,1769997179,0.0238,81.28
2026-02-02 02:53:19,1769997199,0.0238,81.49
2026-02-02 02:53:40,1769997220,0.0227,81.701
2026-02-02 02:54:00,1769997240,0.0227,81.911
2026-02-02 02:54:19,1769997259,0.0227,82.121
2026-02-02 02:54:39,1769997279,0.0233,82.331
2026-02-02 02:55:00,1769997300,0.0233,82.542
2026-02-02 02:55:19,1769997319,0.0233,82.752
2026-02-02 02:55:39,1769997339,0.022,82.962
2026-02-02 02:56:00,1769997360,0.022,83.173
2026-02-02 02:56:20,1769997380,0.022,83.383
2026-02-02 02:56:39,1769997399,0.0223,83.593
2026-02-02 02:56:59,1769997419,0.0225,83.803
2026-02-02 02:57:20,1769997440,0.0227,84.014
2026-02-02 02:57:40,1769997460,0.023,84.224
2026-02-02 02:57:59,1769997479,0.023,84.434
2026-02-02 02:58:19,1769997499,0.023,84.644
2026-02-02 02:58:40,1769997520,0.023,84.855
2026-02-02 02:59:00,1769997540,0.023,85.065
2026-02-02 02:59:19,1769997559,0.023,85.275
2026-02-02 02:59:39,1769997579,0.0305,85.485
2026-02-02 03:00:00,1769997600,0.0305,85.696
2026-02-02 03:00:20,1769997620,0.0305,85.906
2026-02-02 03:00:39,1769997639,0.0299,86.116
2026-02-02 03:01:00,1769997660,0.0288,86.327
2026-02-02 03:01:20,1769997680,0.0278,86.537
2026-02-02 03:01:39,1769997699,0.0253,86.747
2026-02-02 03:01:59,1769997719,0.0242,86.957
2026-02-02 03:02:20,1769997740,0.0231,87.168
2026-02-02 03:02:40,1769997760,0.0222,87.378
2026-02-02 03:02:59,1769997779,0.0222,87.588
2026-02-02 03:03:19,1769997799,0.0222,87.798
2026-02-02 03:03:40,1769997820,0.0233,88.009
2026-02-02 03:04:00,1769997840,0.0233,88.219
2026-02-02 03:04:19,1769997859,0.0233,88.429
2026-02-02 03:04:39,1769997879,0.0218,88.639
2026-02-02 03:05:00,1769997900,0.0218,88.85
2026-02-02 03:05:20,1769997920,0.0218,89.06
2026-02-02 03:05:39,1769997939,0.0228,89.27
2026-02-02 03:06:00,1769997960,0.0228,89.481
2026-02-02 03:06:20,1769997980,0.0228,89.691
2026-02-02 03:06:39,1769997999,0.0225,89.901
2026-02-02 03:06:59,1769998019,0.0225,90.111
2026-02-02 03:07:20,1769998040,0.0225,90.322
2026-02-02 03:07:40,1769998060,0.0226,90.532
2026-02-02 03:07:59,1769998079,0.0227,90.742
2026-02-02 03:08:19,1769998099,0.0227,90.952
2026-02-02 03:08:40,1769998120,0.0229,91.163
2026-02-02 03:09:00,1769998140,0.023,91.373
2026-02-02 03:09:19,1769998159,0.0231,91.583
2026-02-02 03:09:39,1769998179,0.0232,91.793
2026-02-02 03:10:00,1769998200,0.0232,92.004
2026-02-02 03:10:20,1769998220,0.0232,92.214
2026-02-02 03:10:39,1769998239,0.023,92.424
2026-02-02 03:11:00,1769998260,0.0228,92.635
2026-02-02 03:11:20,1769998280,0.0227,92.845
2026-02-02 03:11:39,1769998299,0.0222,93.055
2026-02-02 03:11:59,1769998319,0.0222,93.265
2026-02-02 03:12:20,1769998340,0.0222,93.476
2026-02-02 03:12:40,1769998360,0.0233,93.686
2026-02-02 03:12:59,1769998379,0.0233,93.896
2026-02-02 03:13:19,1769998399,0.0233,94.106
2026-02-02 03:13:40,1769998420,0.022,94.317
2026-02-02 03:14:00,1769998440,0.022,94.527
2026-02-02 03:14:19,1769998459,0.022,94.737
2026-02-02 03:14:39,1769998479,0.0237,94.947
2026-02-02 03:15:00,1769998500,0.0237,95.158
2026-02-02 03:15:20,1769998520,0.0237,95.368
2026-02-02 03:15:39,1769998539,0.0225,95.578
2026-02-02 03:15:59,1769998559,0.0225,95.788
2026-02-02 03:16:20,1769998580,0.0225,95.999
2026-02-02 03:16:39,1769998599,0.0233,96.209
2026-02-02 03:16:59,1769998619,0.0233,96.419
2026-02-02 03:17:20,1769998640,0.0233,96.63
2026-02-02 03:17:40,1769998660,0.0217,96.84
2026-02-02 03:17:59,1769998679,0.0217,97.05
2026-02-02 03:18:19,1769998699,0.0217,97.26
2026-02-02 03:18:40,1769998720,0.024,97.471
2026-02-02 03:19:00,1769998740,0.024,97.681
2026-02-02 03:19:19,1769998759,0.024,97.891
2026-02-02 03:19:39,1769998779,0.0234,98.101
2026-02-02 03:20:00,1769998800,0.0232,98.312
2026-02-02 03:20:20,1769998820,0.0229,98.522
2026-02-02 03:20:39,1769998839,0.0227,98.732
2026-02-02 03:20:59,1769998859,0.0227,98.942
2026-02-02 03:21:20,1769998880,0.0227,99.153
2026-02-02 03:21:39,1769998899,0.0229,99.363
2026-02-02 03:21:59,1769998919,0.023,99.573
2026-02-02 03:22:20,1769998940,0.0231,99.784
2026-02-02 03:22:40,1769998960,0.0233,99.994
2026-02-02 03:22:59,1769998979,0.0233,100.204
2026-02-02 03:23:19,1769998999,0.0233,100.414
2026-02-02 03:23:40,1769999020,0.023,100.625
2026-02-02 03:24:00,1769999040,0.0228,100.835
2026-02-02 03:24:19,1769999059,0.0227,101.045
2026-02-02 03:24:39,1769999079,0.0227,101.255
2026-02-02 03:25:00,1769999100,0.0225,101.466
2026-02-02 03:25:20,1769999120,0.0223,101.676
2026-02-02 03:25:39,1769999139,0.0212,101.886
2026-02-02 03:25:59,1769999159,0.0212,102.096
2026-02-02 03:26:20,1769999180,0.0212,102.307
2026-02-02 03:26:39,1769999199,0.023,102.517
2026-02-02 03:26:59,1769999219,0.023,102.727
2026-02-02 03:27:20,1769999240,0.023,102.938
2026-02-02 03:27:40,1769999260,0.0222,103.148
2026-02-02 03:27:59,1769999279,0.0222,103.358
2026-02-02 03:28:19,1769999299,0.0222,103.568
2026-02-02 03:28:40,1769999320,0.0229,103.779
2026-02-02 03:29:00,1769999340,0.023,103.989
2026-02-02 03:29:19,1769999359,0.0231,104.199
2026-02-02 03:29:39,1769999379,0.0232,104.409
2026-02-02 03:30:00,1769999400,0.0232,104.62
2026-02-02 03:30:20,1769999420,0.0232,104.83
2026-02-02 03:30:39,1769999439,0.0228,105.04
2026-02-02 03:30:59,1769999459,0.0227,105.25
2026-02-02 03:31:20,1769999480,0.0225,105.461
2026-02-02 03:31:40,1769999500,0.0225,105.671
2026-02-02 03:31:59,1769999519,0.0223,105.881
2026-02-02 03:32:20,1769999540,0.0222,106.092
2026-02-02 03:32:40,1769999560,0.0221,106.302
2026-02-02 03:32:59,1769999579,0.0218,106.512
2026-02-02 03:33:19,1769999599,0.0216,106.722
2026-02-02 03:33:40,1769999620,0.021,106.933
2026-02-02 03:34:00,1769999640,0.021,107.143
2026-02-02 03:34:19,1769999659,0.021,107.353
2026-02-02 03:34:39,1769999679,0.022,107.563
2026-02-02 03:35:00,1769999700,0.022,107.774
2026-02-02 03:35:20,1769999720,0.022,107.984
2026-02-02 03:35:39,1769999739,0.0215,108.194
2026-02-02 03:35:59,1769999759,0.0215,108.404
2026-02-02 03:36:20,1769999780,0.0215,108.615
2026-02-02 03:36:40,1769999800,0.0233,108.825
2026-02-02 03:36:59,1769999819,0.0233,109.035
2026-02-02 03:37:20,1769999840,0.0233,109.246
2026-02-02 03:37:40,1769999860,0.0232,109.456
2026-02-02 03:37:59,1769999879,0.0232,109.666
2026-02-02 03:38:19,1769999899,0.0232,109.876
2026-02-02 03:38:40,1769999920,0.0235,110.087
2026-02-02 03:39:00,1769999940,0.0235,110.297
2026-02-02 03:39:19,1769999959,0.0235,110.507
2026-02-02 03:39:39,1769999979,0.022,110.717
2026-02-02 03:40:00,1770000000,0.022,110.928
2026-02-02 03:40:20,1770000020,0.022,111.138
2026-02-02 03:40:39,1770000039,0.0222,111.348
2026-02-02 03:40:59,1770000059,0.0227,111.558
2026-02-02 03:41:20,1770000080,0.0231,111.769
2026-02-02 03:41:40,1770000100,0.0247,111.979
2026-02-02 03:41:59,1770000119,0.0247,112.189
2026-02-02 03:42:20,1770000140,0.0247,112.4
2026-02-02 03:42:40,1770000160,0.0237,112.61
2026-02-02 03:42:59,1770000179,0.0237,112.82
2026-02-02 03:43:19,1770000199,0.0237,113.03
2026-02-02 03:43:40,1770000220,0.0243,113.241
2026-02-02 03:44:00,1770000240,0.0243,113.451
2026-02-02 03:44:19,1770000259,0.0243,113.661
2026-02-02 03:44:39,1770000279,0.0243,113.871
2026-02-02 03:45:00,1770000300,0.0243,114.082
2026-02-02 03:45:20,1770000320,0.0243,114.292
2026-02-02 03:45:39,1770000339,0.023,114.502
2026-02-02 03:45:59,1770000359,0.023,114.712
2026-02-02 03:46:20,1770000380,0.023,114.923
2026-02-02 03:46:40,1770000400,0.023,115.133
2026-02-02 03:46:59,1770000419,0.023,115.343
2026-02-02 03:47:19,1770000439,0.023,115.553
2026-02-02 03:47:40,1770000460,0.0236,115.764
2026-02-02 03:47:59,1770000479,0.0238,115.974
2026-02-02 03:48:19,1770000499,0.024,116.184
2026-02-02 03:48:40,1770000520,0.0242,116.395
2026-02-02 03:49:00,1770000540,0.0242,116.605
2026-02-02 03:49:19,1770000559,0.0242,116.815
2026-02-02 03:49:39,1770000579,0.0222,117.025
2026-02-02 03:50:00,1770000600,0.0222,117.236
2026-02-02 03:50:20,1770000620,0.0222,117.446
2026-02-02 03:50:39,1770000639,0.0232,117.656
2026-02-02 03:50:59,1770000659,0.0232,117.866
2026-02-02 03:51:20,1770000680,0.0232,118.077
2026-02-02 03:51:40,1770000700,0.0228,118.287
2026-02-02 03:51:59,1770000719,0.0228,118.497
2026-02-02 03:52:19,1770000739,0.0228,118.707
2026-02-02 03:52:40,1770000760,0.0237,118.918
2026-02-02 03:52:59,1770000779,0.0237,119.128
2026-02-02 03:53:19,1770000799,0.0237,119.338
2026-02-02 03:53:40,1770000820,0.0213,119.549
2026-02-02 03:54:00,1770000840,0.0213,119.759
2026-02-02 03:54:19,1770000859,0.0213,119.969
2026-02-02 03:54:39,1770000879,0.0216,120.179
2026-02-02 03:55:00,1770000900,0.0218,120.39
2026-02-02 03:55:20,1770000920,0.0221,120.6
2026-02-02 03:55:39,1770000939,0.0228,120.81
2026-02-02 03:55:59,1770000959,0.0228,121.02
2026-02-02 03:56:20,1770000980,0.0228,121.231
2026-02-02 03:56:40,1770001000,0.0223,121.441
2026-02-02 03:56:59,1770001019,0.0223,121.651
2026-02-02 03:57:19,1770001039,0.0223,121.861
2026-02-02 03:57:40,1770001060,0.0228,122.072
2026-02-02 03:57:59,1770001079,0.023,122.282
2026-02-02 03:58:19,1770001099,0.0232,122.492
2026-02-02 03:58:40,1770001120,0.0237,122.703
2026-02-02 03:59:00,1770001140,0.0237,122.913
2026-02-02 03:59:19,1770001159,0.0237,123.123
2026-02-02 03:59:39,1770001179,0.0218,123.333
2026-02-02 04:00:00,1770001200,0.0218,123.544
2026-02-02 04:00:20,1770001220,0.0218,123.754
2026-02-02 04:00:39,1770001239,0.024,123.964
2026-02-02 04:00:59,1770001259,0.024,124.174
2026-02-02 04:01:20,1770001280,0.024,124.385
2026-02-02 04:01:40,1770001300,0.0229,124.595
2026-02-02 04:01:59,1770001319,0.0227,124.805
2026-02-02 04:02:19,1770001339,0.0224,125.015
2026-02-02 04:02:40,1770001360,0.0224,125.226
2026-02-02 04:03:00,1770001380,0.0223,125.436
2026-02-02 04:03:19,1770001399,0.0222,125.646
2026-02-02 04:03:40,1770001420,0.0221,125.857
2026-02-02 04:04:00,1770001440,0.022,126.067
2026-02-02 04:04:19,1770001459,0.0219,126.277
2026-02-02 04:04:39,1770001479,0.0215,126.487
2026-02-02 04:05:00,1770001500,0.0215,126.698
2026-02-02 04:05:20,1770001520,0.0215,126.908
2026-02-02 04:05:39,1770001539,0.0215,127.118
2026-02-02 04:05:59,1770001559,0.0215,127.328
2026-02-02 04:06:20,1770001580,0.0215,127.539
2026-02-02 04:06:40,1770001600,0.0215,127.749
2026-02-02 04:06:59,1770001619,0.0215,127.959
2026-02-02 04:07:19,1770001639,0.0215,128.169
2026-02-02 04:07:40,1770001660,0.0237,128.38
2026-02-02 04:08:00,1770001680,0.0237,128.59
2026-02-02 04:08:19,1770001699,0.0237,128.8
2026-02-02 04:08:40,1770001720,0.0224,129.011
2026-02-02 04:09:00,1770001740,0.022,129.221
2026-02-02 04:09:19,1770001759,0.0216,129.431
2026-02-02 04:09:39,1770001779,0.0212,129.641
2026-02-02 04:10:00,1770001800,0.0212,129.852
2026-02-02 04:10:20,1770001820,0.0212,130.062
2026-02-02 04:10:39,1770001839,0.0214,130.272
2026-02-02 04:10:59,1770001859,0.0217,130.482
2026-02-02 04:11:20,1770001880,0.0219,130.693
2026-02-02 04:11:40,1770001900,0.0225,130.903
2026-02-02 04:11:59,1770001919,0.0225,131.113
2026-02-02 04:12:19,1770001939,0.0225,131.323
2026-02-02 04:12:40,1770001960,0.0218,131.534
2026-02-02 04:13:00,1770001980,0.0218,131.744
2026-02-02 04:13:19,1770001999,0.0218,131.954
2026-02-02 04:13:40,1770002020,0.0238,132.165
2026-02-02 04:14:00,1770002040,0.0238,132.375
2026-02-02 04:14:19,1770002059,0.0238,132.585
2026-02-02 04:14:39,1770002079,0.0238,132.795
2026-02-02 04:15:00,1770002100,0.0237,133.006
2026-02-02 04:15:20,1770002120,0.0236,133.216
2026-02-02 04:15:39,1770002139,0.0225,133.426
2026-02-02 04:15:59,1770002159,0.0225,133.636
2026-02-02 04:16:20,1770002180,0.0225,133.847
2026-02-02 04:16:40,1770002200,0.0228,134.057
2026-02-02 04:16:59,1770002219,0.0228,134.267
2026-02-02 04:17:19,1770002239,0.0228,134.477
2026-02-02 04:17:40,1770002260,0.0223,134.688
2026-02-02 04:18:00,1770002280,0.0223,134.898
2026-02-02 04:18:19,1770002299,0.0223,135.108
2026-02-02 04:18:39,1770002319,0.0228,135.318
2026-02-02 04:19:00,1770002340,0.023,135.529
2026-02-02 04:19:19,1770002359,0.0232,135.739
2026-02-02 04:19:39,1770002379,0.0233,135.949
2026-02-02 04:20:00,1770002400,0.0235,136.16
2026-02-02 04:20:20,1770002420,0.0237,136.37
2026-02-02 04:20:39,1770002439,0.024,136.58
2026-02-02 04:20:59,1770002459,0.024,136.79
2026-02-02 04:21:20,1770002480,0.024,137.001
2026-02-02 04:21:40,1770002500,0.0233,137.211
2026-02-02 04:21:59,1770002519,0.0228,137.421
2026-02-02 04:22:19,1770002539,0.0223,137.631
2026-02-02 04:22:40,1770002560,0.021,137.842
2026-02-02 04:23:00,1770002580,0.021,138.052
2026-02-02 04:23:19,1770002599,0.021,138.262
2026-02-02 04:23:39,1770002619,0.023,138.472
2026-02-02 04:24:00,1770002640,0.023,138.683
2026-02-02 04:24:19,1770002659,0.023,138.893
2026-02-02 04:24:39,1770002679,0.0222,139.103
2026-02-02 04:25:00,1770002700,0.0222,139.314
2026-02-02 04:25:20,1770002720,0.0222,139.524
2026-02-02 04:25:39,1770002739,0.0222,139.734
2026-02-02 04:25:59,1770002759,0.0222,139.944
2026-02-02 04:26:20,1770002780,0.0222,140.155
2026-02-02 04:26:40,1770002800,0.0222,140.365
2026-02-02 04:26:59,1770002819,0.0222,140.575
2026-02-02 04:27:19,1770002839,0.0222,140.785
2026-02-02 04:27:40,1770002860,0.0224,140.996
2026-02-02 04:28:00,1770002880,0.0227,141.206
2026-02-02 04:28:19,1770002899,0.0229,141.416
2026-02-02 04:28:39,1770002919,0.0235,141.626
2026-02-02 04:29:00,1770002940,0.0235,141.837
2026-02-02 04:29:19,1770002959,0.0235,142.047
2026-02-02 04:29:39,1770002979,0.0234,142.257
2026-02-02 04:30:00,1770003000,0.0232,142.468
2026-02-02 04:30:20,1770003020,0.0229,142.678
2026-02-02 04:30:39,1770003039,0.022,142.888
2026-02-02 04:30:59,1770003059,0.022,143.098
2026-02-02 04:31:20,1770003080,0.022,143.309
2026-02-02 04:31:40,1770003100,0.0227,143.519
2026-02-02 04:31:59,1770003119,0.023,143.729
2026-02-02 04:32:19,1770003139,0.0233,143.939
2026-02-02 04:32:40,1770003160,0.0238,144.15
2026-02-02 04:33:00,1770003180,0.0238,144.36
2026-02-02 04:33:19,1770003199,0.0238,144.57
2026-02-02 04:33:39,1770003219,0.0233,144.78
2026-02-02 04:34:00,1770003240,0.0233,144.991
2026-02-02 04:34:20,1770003260,0.0233,145.201
2026-02-02 04:34:39,1770003279,0.0233,145.411
2026-02-02 04:35:00,1770003300,0.0233,145.622
2026-02-02 04:35:20,1770003320,0.0233,145.832
2026-02-02 04:35:39,1770003339,0.0231,146.042
2026-02-02 04:35:59,1770003359,0.023,146.252
2026-02-02 04:36:20,1770003380,0.0229,146.463
2026-02-02 04:36:40,1770003400,0.0226,146.673
2026-02-02 04:36:59,1770003419,0.0225,146.883
2026-02-02 04:37:19,1770003439,0.0224,147.093
2026-02-02 04:37:40,1770003460,0.0223,147.304
2026-02-02 04:38:00,1770003480,0.0223,147.514
2026-02-02 04:38:19,1770003499,0.0223,147.724
2026-02-02 04:38:39,1770003519,0.024,147.934
2026-02-02 04:39:00,1770003540,0.024,148.145
2026-02-02 04:39:20,1770003560,0.024,148.355
2026-02-02 04:39:39,1770003579,0.0212,148.565
2026-02-02 04:40:00,1770003600,0.0212,148.776
2026-02-02 04:40:20,1770003620,0.0212,148.986
2026-02-02 04:40:39,1770003639,0.0232,149.196
2026-02-02 04:40:59,1770003659,0.0232,149.406
2026-02-02 04:41:20,1770003680,0.0232,149.617
2026-02-02 04:41:40,1770003700,0.0221,149.827
2026-02-02 04:41:59,1770003719,0.0217,150.037
2026-02-02 04:42:19,1770003739,0.0213,150.247
2026-02-02 04:42:40,1770003760,0.0208,150.458
2026-02-02 04:43:00,1770003780,0.0208,150.668
2026-02-02 04:43:19,1770003799,0.0208,150.878
2026-02-02 04:43:39,1770003819,0.0215,151.088
2026-02-02 04:44:00,1770003840,0.0215,151.299
2026-02-02 04:44:20,1770003860,0.0215,151.509
2026-02-02 04:44:39,1770003879,0.0215,151.719
2026-02-02 04:44:59,1770003899,0.0215,151.929
2026-02-02 04:45:20,1770003920,0.0215,152.14
2026-02-02 04:45:39,1770003939,0.0224,152.35
2026-02-02 04:45:59,1770003959,0.0227,152.56
2026-02-02 04:46:20,1770003980,0.0229,152.771
2026-02-02 04:46:40,1770004000,0.023,152.981
2026-02-02 04:46:59,1770004019,0.023,153.191
2026-02-02 04:47:19,1770004039,0.023,153.401
2026-02-02 04:47:40,1770004060,0.0229,153.612
2026-02-02 04:48:00,1770004080,0.0228,153.822
2026-02-02 04:48:19,1770004099,0.0227,154.032
2026-02-02 04:48:39,1770004119,0.0222,154.242
2026-02-02 04:49:00,1770004140,0.0222,154.453
2026-02-02 04:49:20,1770004160,0.0222,154.663
2026-02-02 04:49:39,1770004179,0.0222,154.873
2026-02-02 04:49:59,1770004199,0.0222,155.083
2026-02-02 04:50:20,1770004220,0.0222,155.294
2026-02-02 04:50:39,1770004239,0.0228,155.504
2026-02-02 04:50:59,1770004259,0.023,155.714
2026-02-02 04:51:20,1770004280,0.0232,155.925
2026-02-02 04:51:40,1770004300,0.0235,156.135
2026-02-02 04:51:59,1770004319,0.0235,156.345
2026-02-02 04:52:19,1770004339,0.0235,156.555
2026-02-02 04:52:40,1770004360,0.0213,156.766
2026-02-02 04:53:00,1770004380,0.0213,156.976
2026-02-02 04:53:19,1770004399,0.0213,157.186
2026-02-02 04:53:39,1770004419,0.0218,157.396
2026-02-02 04:54:00,1770004440,0.0218,157.607
2026-02-02 04:54:20,1770004460,0.0218,157.817
2026-02-02 04:54:39,1770004479,0.0215,158.027
2026-02-02 04:54:59,1770004499,0.0215,158.237
2026-02-02 04:55:20,1770004520,0.0215,158.448
2026-02-02 04:55:39,1770004539,0.0228,158.658
2026-02-02 04:55:59,1770004559,0.0228,158.868
2026-02-02 04:56:20,1770004580,0.0228,159.079
2026-02-02 04:56:40,1770004600,0.0227,159.289
2026-02-02 04:56:59,1770004619,0.0227,159.499
2026-02-02 04:57:19,1770004639,0.0226,159.709
2026-02-02 04:57:40,1770004660,0.0223,159.92
2026-02-02 04:58:00,1770004680,0.0223,160.13
2026-02-02 04:58:19,1770004699,0.0223,160.34
2026-02-02 04:58:39,1770004719,0.0227,160.55
2026-02-02 04:59:00,1770004740,0.0228,160.761
2026-02-02 04:59:20,1770004760,0.0229,160.971
2026-02-02 04:59:39,1770004779,0.0229,161.181
2026-02-02 04:59:59,1770004799,0.023,161.391
2026-02-02 05:00:20,1770004820,0.0231,161.602
2026-02-02 05:00:40,1770004840,0.0233,161.812
2026-02-02 05:00:59,1770004859,0.0233,162.022
2026-02-02 05:01:20,1770004880,0.0233,162.233
2026-02-02 05:01:40,1770004900,0.0224,162.443
2026-02-02 05:01:59,1770004919,0.0222,162.653
2026-02-02 05:02:19,1770004939,0.0219,162.863
2026-02-02 05:02:40,1770004960,0.0217,163.074
2026-02-02 05:03:00,1770004980,0.0217,163.284
2026-02-02 05:03:19,1770004999,0.0217,163.494
2026-02-02 05:03:39,1770005019,0.0218,163.704
2026-02-02 05:04:00,1770005040,0.022,163.915
2026-02-02 05:04:20,1770005060,0.0222,164.125
2026-02-02 05:04:39,1770005079,0.0232,164.335
2026-02-02 05:04:59,1770005099,0.0232,164.545
2026-02-02 05:05:20,1770005120,0.0232,164.756
2026-02-02 05:05:40,1770005140,0.0227,164.966
2026-02-02 05:05:59,1770005159,0.0227,165.176
2026-02-02 05:06:20,1770005180,0.0227,165.387
2026-02-02 05:06:40,1770005200,0.0242,165.597
2026-02-02 05:06:59,1770005219,0.0242,165.807
2026-02-02 05:07:19,1770005239,0.0242,166.017
2026-02-02 05:07:40,1770005260,0.0222,166.228
2026-02-02 05:08:00,1770005280,0.0222,166.438
2026-02-02 05:08:19,1770005299,0.0222,166.648
2026-02-02 05:08:39,1770005319,0.0225,166.858
2026-02-02 05:09:00,1770005340,0.0225,167.069
2026-02-02 05:09:20,1770005360,0.0225,167.279
2026-02-02 05:09:39,1770005379,0.022,167.489
2026-02-02 05:09:59,1770005399,0.022,167.699
2026-02-02 05:10:20,1770005420,0.022,167.91
2026-02-02 05:10:40,1770005440,0.0223,168.12
2026-02-02 05:10:59,1770005459,0.0225,168.33
2026-02-02 05:11:20,1770005480,0.0227,168.541
2026-02-02 05:11:40,1770005500,0.023,168.751
2026-02-02 05:11:59,1770005519,0.023,168.961
2026-02-02 05:12:19,1770005539,0.023,169.171
2026-02-02 05:12:40,1770005560,0.0227,169.382
2026-02-02 05:13:00,1770005580,0.0225,169.592
2026-02-02 05:13:19,1770005599,0.0222,169.802
2026-02-02 05:13:39,1770005619,0.0215,170.012
2026-02-02 05:14:00,1770005640,0.0215,170.223
2026-02-02 05:14:20,1770005660,0.0215,170.433
2026-02-02 05:14:39,1770005679,0.0228,170.643
2026-02-02 05:14:59,1770005699,0.023,170.853
2026-02-02 05:15:20,1770005720,0.0232,171.064
2026-02-02 05:15:40,1770005740,0.0233,171.274
2026-02-02 05:15:59,1770005759,0.0233,171.484
2026-02-02 05:16:19,1770005779,0.0233,171.694
2026-02-02 05:16:40,1770005800,0.0223,171.905
2026-02-02 05:16:59,1770005819,0.0223,172.115
2026-02-02 05:17:19,1770005839,0.0223,172.325
2026-02-02 05:17:40,1770005860,0.0223,172.536
2026-02-02 05:18:00,1770005880,0.0223,172.746
2026-02-02 05:18:19,1770005899,0.0223,172.956
2026-02-02 05:18:39,1770005919,0.0225,173.166
2026-02-02 05:19:00,1770005940,0.0227,173.377
2026-02-02 05:19:20,1770005960,0.0228,173.587
2026-02-02 05:19:39,1770005979,0.0231,173.797
2026-02-02 05:19:59,1770005999,0.0232,174.007
2026-02-02 05:20:20,1770006020,0.0233,174.218
2026-02-02 05:20:40,1770006040,0.0233,174.428
2026-02-02 05:20:59,1770006059,0.0233,174.638
2026-02-02 05:21:19,1770006079,0.0234,174.848
2026-02-02 05:21:40,1770006100,0.0235,175.059
2026-02-02 05:21:59,1770006119,0.0235,175.269
2026-02-02 05:22:19,1770006139,0.0235,175.479
2026-02-02 05:22:40,1770006160,0.0224,175.69
2026-02-02 05:23:00,1770006180,0.0223,175.9
2026-02-02 05:23:19,1770006199,0.0222,176.11
2026-02-02 05:23:39,1770006219,0.0222,176.32
2026-02-02 05:24:00,1770006240,0.0222,176.531
2026-02-02 05:24:20,1770006260,0.0222,176.741
2026-02-02 05:24:39,1770006279,0.0235,176.951
2026-02-02 05:24:59,1770006299,0.0235,177.161
2026-02-02 05:25:20,1770006320,0.0235,177.372
2026-02-02 05:25:40,1770006340,0.0226,177.582
2026-02-02 05:25:59,1770006359,0.0222,177.792
2026-02-02 05:26:19,1770006379,0.0218,178.002
2026-02-02 05:26:40,1770006400,0.021,178.213
2026-02-02 05:26:59,1770006419,0.021,178.423
2026-02-02 05:27:19,1770006439,0.021,178.633
2026-02-02 05:27:40,1770006460,0.0213,178.844
2026-02-02 05:28:00,1770006480,0.0215,179.054
2026-02-02 05:28:19,1770006499,0.0218,179.264
2026-02-02 05:28:39,1770006519,0.0225,179.474
2026-02-02 05:29:00,1770006540,0.0225,179.685
2026-02-02 05:29:20,1770006560,0.0225,179.895
2026-02-02 05:29:39,1770006579,0.0218,180.105
2026-02-02 05:29:59,1770006599,0.0218,180.315
2026-02-02 05:30:20,1770006620,0.0218,180.526
2026-02-02 05:30:40,1770006640,0.0237,180.736
2026-02-02 05:30:59,1770006659,0.0237,180.946
2026-02-02 05:31:19,1770006679,0.0237,181.156
2026-02-02 05:31:40,1770006700,0.0234,181.367
2026-02-02 05:32:00,1770006720,0.0232,181.577
2026-02-02 05:32:19,1770006739,0.023,181.787
2026-02-02 05:32:40,1770006760,0.0226,181.998
2026-02-02 05:33:00,1770006780,0.0225,182.208
2026-02-02 05:33:19,1770006799,0.0224,182.418
2026-02-02 05:33:39,1770006819,0.0223,182.628
2026-02-02 05:34:00,1770006840,0.0223,182.839
2026-02-02 05:34:20,1770006860,0.0223,183.049
2026-02-02 05:34:39,1770006879,0.023,183.259
2026-02-02 05:34:59,1770006899,0.023,183.469
2026-02-02 05:35:20,1770006920,0.023,183.68
2026-02-02 05:35:40,1770006940,0.0227,183.89
2026-02-02 05:35:59,1770006959,0.0225,184.1
2026-02-02 05:36:19,1770006979,0.0223,184.31
2026-02-02 05:36:40,1770007000,0.0217,184.521
2026-02-02 05:37:00,1770007020,0.0217,184.731
2026-02-02 05:37:19,1770007039,0.0217,184.941
2026-02-02 05:37:40,1770007060,0.0221,185.152
2026-02-02 05:38:00,1770007080,0.0223,185.362
2026-02-02 05:38:19,1770007099,0.0226,185.572
2026-02-02 05:38:39,1770007119,0.0233,185.782
2026-02-02 05:39:00,1770007140,0.0233,185.993
2026-02-02 05:39:20,1770007160,0.0233,186.203
2026-02-02 05:39:39,1770007179,0.0218,186.413
2026-02-02 05:39:59,1770007199,0.0218,186.623
2026-02-02 05:40:20,1770007220,0.0218,186.834
2026-02-02 05:40:40,1770007240,0.0228,187.044
2026-02-02 05:40:59,1770007259,0.0228,187.254
2026-02-02 05:41:19,1770007279,0.0228,187.464
2026-02-02 05:41:40,1770007300,0.0227,187.675
2026-02-02 05:42:00,1770007320,0.0225,187.885
2026-02-02 05:42:19,1770007339,0.0223,188.095
2026-02-02 05:42:40,1770007360,0.0217,188.306
2026-02-02 05:43:00,1770007380,0.0217,188.516
2026-02-02 05:43:19,1770007399,0.0217,188.726
2026-02-02 05:43:39,1770007419,0.0221,188.936
2026-02-02 05:44:00,1770007440,0.0223,189.147
2026-02-02 05:44:20,1770007460,0.0226,189.357
2026-02-02 05:44:39,1770007479,0.0232,189.567
2026-02-02 05:44:59,1770007499,0.0232,189.777
2026-02-02 05:45:20,1770007520,0.0232,189.988
2026-02-02 05:45:40,1770007540,0.0225,190.198
2026-02-02 05:45:59,1770007559,0.0225,190.408
2026-02-02 05:46:19,1770007579,0.0225,190.618
2026-02-02 05:46:40,1770007600,0.0227,190.829
2026-02-02 05:47:00,1770007620,0.0227,191.039
2026-02-02 05:47:19,1770007639,0.0227,191.249
2026-02-02 05:47:39,1770007659,0.0212,191.459
2026-02-02 05:48:00,1770007680,0.0212,191.67
2026-02-02 05:48:19,1770007699,0.0212,191.88
2026-02-02 05:48:39,1770007719,0.0214,192.09
2026-02-02 05:49:00,1770007740,0.0218,192.301
2026-02-02 05:49:20,1770007760,0.0222,192.511
2026-02-02 05:49:39,1770007779,0.0231,192.721
2026-02-02 05:49:59,1770007799,0.0235,192.931
2026-02-02 05:50:20,1770007820,0.0239,193.142
2026-02-02 05:50:40,1770007840,0.0242,193.352
2026-02-02 05:50:59,1770007859,0.0242,193.562
2026-02-02 05:51:19,1770007879,0.0242,193.772
2026-02-02 05:51:40,1770007900,0.0233,193.983
2026-02-02 05:52:00,1770007920,0.0233,194.193
2026-02-02 05:52:19,1770007939,0.0233,194.403
2026-02-02 05:52:39,1770007959,0.0238,194.613
2026-02-02 05:53:00,1770007980,0.0238,194.824
2026-02-02 05:53:19,1770007999,0.0238,195.034
2026-02-02 05:53:39,1770008019,0.0218,195.244
2026-02-02 05:54:00,1770008040,0.0218,195.455
2026-02-02 05:54:20,1770008060,0.0218,195.665
2026-02-02 05:54:39,1770008079,0.0221,195.875
2026-02-02 05:54:59,1770008099,0.0223,196.085
2026-02-02 05:55:20,1770008120,0.0226,196.296
2026-02-02 05:55:40,1770008140,0.0235,196.506
2026-02-02 05:55:59,1770008159,0.0235,196.716
2026-02-02 05:56:19,1770008179,0.0235,196.926
2026-02-02 05:56:40,1770008200,0.023,197.137
2026-02-02 05:57:00,1770008220,0.0227,197.347
2026-02-02 05:57:19,1770008239,0.0224,197.557
2026-02-02 05:57:39,1770008259,0.0217,197.767
2026-02-02 05:58:00,1770008280,0.0217,197.978
2026-02-02 05:58:19,1770008299,0.0217,198.188
2026-02-02 05:58:39,1770008319,0.022,198.398
2026-02-02 05:59:00,1770008340,0.0223,198.609
2026-02-02 05:59:20,1770008360,0.0227,198.819
2026-02-02 05:59:39,1770008379,0.0238,199.029
2026-02-02 05:59:59,1770008399,0.0238,199.239
2026-02-02 06:00:20,1770008420,0.0238,199.45
2026-02-02 06:00:40,1770008440,0.0223,199.66
2026-02-02 06:00:59,1770008459,0.0223,199.87
2026-02-02 06:01:19,1770008479,0.0223,200.08
2026-02-02 06:01:40,1770008500,0.023,200.291
2026-02-02 06:02:00,1770008520,0.023,200.501
2026-02-02 06:02:19,1770008539,0.023,200.711
2026-02-02 06:02:39,1770008559,0.0222,200.921
2026-02-02 06:03:00,1770008580,0.0222,201.132
2026-02-02 06:03:20,1770008600,0.0222,201.342
2026-02-02 06:03:39,1770008619,0.0223,201.552
2026-02-02 06:04:00,1770008640,0.0225,201.763
2026-02-02 06:04:20,1770008660,0.0227,201.973
2026-02-02 06:04:39,1770008679,0.0237,202.183
2026-02-02 06:04:59,1770008699,0.0237,202.393
2026-02-02 06:05:20,1770008720,0.0237,202.604
2026-02-02 06:05:40,1770008740,0.0232,202.814
2026-02-02 06:05:59,1770008759,0.023,203.024
2026-02-02 06:06:19,1770008779,0.0228,203.234
2026-02-02 06:06:40,1770008800,0.0227,203.445
2026-02-02 06:07:00,1770008820,0.0227,203.655
2026-02-02 06:07:19,1770008839,0.0227,203.865
2026-02-02 06:07:39,1770008859,0.0228,204.075
2026-02-02 06:08:00,1770008880,0.0228,204.286
2026-02-02 06:08:20,1770008900,0.0229,204.496
2026-02-02 06:08:39,1770008919,0.0229,204.706
2026-02-02 06:09:00,1770008940,0.023,204.917
2026-02-02 06:09:20,1770008960,0.0231,205.127
2026-02-02 06:09:39,1770008979,0.0232,205.337
2026-02-02 06:09:59,1770008999,0.0232,205.547
2026-02-02 06:10:20,1770009020,0.0232,205.758
2026-02-02 06:10:40,1770009040,0.0227,205.968
2026-02-02 06:10:59,1770009059,0.0225,206.178
2026-02-02 06:11:19,1770009079,0.0223,206.388
2026-02-02 06:11:40,1770009100,0.0222,206.599
2026-02-02 06:12:00,1770009120,0.0222,206.809
2026-02-02 06:12:19,1770009139,0.0222,207.019
2026-02-02 06:12:39,1770009159,0.0222,207.229
2026-02-02 06:13:00,1770009180,0.0222,207.44
2026-02-02 06:13:20,1770009200,0.0222,207.65
2026-02-02 06:13:39,1770009219,0.0223,207.86
2026-02-02 06:14:00,1770009240,0.0223,208.071
2026-02-02 06:14:20,1770009260,0.0223,208.281
2026-02-02 06:14:39,1770009279,0.0212,208.491
2026-02-02 06:14:59,1770009299,0.0212,208.701
2026-02-02 06:15:20,1770009320,0.0212,208.912
2026-02-02 06:15:40,1770009340,0.023,209.122
2026-02-02 06:15:59,1770009359,0.023,209.332
2026-02-02 06:16:19,1770009379,0.023,209.542
2026-02-02 06:16:40,1770009400,0.0227,209.753
2026-02-02 06:17:00,1770009420,0.0225,209.963
2026-02-02 06:17:19,1770009439,0.0223,210.173
2026-02-02 06:17:39,1770009459,0.0218,210.383
2026-02-02 06:18:00,1770009480,0.0218,210.594
2026-02-02 06:18:20,1770009500,0.0218,210.804
2026-02-02 06:18:39,1770009519,0.0218,211.014
2026-02-02 06:18:59,1770009539,0.0218,211.224
2026-02-02 06:19:20,1770009560,0.0218,211.435
2026-02-02 06:19:39,1770009579,0.0238,211.645
2026-02-02 06:19:59,1770009599,0.0238,211.855
2026-02-02 06:20:20,1770009620,0.0238,212.066
2026-02-02 06:20:40,1770009640,0.0227,212.276
2026-02-02 06:20:59,1770009659,0.0227,212.486
2026-02-02 06:21:19,1770009679,0.0227,212.696
2026-02-02 06:21:40,1770009700,0.0228,212.907
2026-02-02 06:22:00,1770009720,0.0228,213.117
2026-02-02 06:22:19,1770009739,0.0228,213.327
2026-02-02 06:22:39,1770009759,0.0223,213.537
2026-02-02 06:23:00,1770009780,0.0223,213.748
2026-02-02 06:23:20,1770009800,0.0223,213.958
2026-02-02 06:23:39,1770009819,0.0223,214.168
2026-02-02 06:23:59,1770009839,0.0223,214.378
2026-02-02 06:24:20,1770009860,0.0223,214.589
2026-02-02 06:24:39,1770009879,0.0225,214.799
2026-02-02 06:24:59,1770009899,0.0225,215.009
2026-02-02 06:25:20,1770009920,0.0225,215.22
2026-02-02 06:25:40,1770009940,0.0225,215.43
2026-02-02 06:25:59,1770009959,0.0225,215.64
2026-02-02 06:26:19,1770009979,0.0225,215.85
2026-02-02 06:26:40,1770010000,0.0218,216.061
2026-02-02 06:27:00,1770010020,0.0218,216.271
2026-02-02 06:27:19,1770010039,0.0218,216.481
2026-02-02 06:27:39,1770010059,0.0222,216.691
2026-02-02 06:28:00,1770010080,0.0225,216.902
2026-02-02 06:28:20,1770010100,0.0228,217.112
2026-02-02 06:28:39,1770010119,0.0237,217.322
2026-02-02 06:28:59,1770010139,0.0237,217.532
2026-02-02 06:29:20,1770010160,0.0237,217.743
2026-02-02 06:29:40,1770010180,0.0232,217.953
2026-02-02 06:29:59,1770010199,0.0232,218.163
2026-02-02 06:30:20,1770010220,0.0232,218.374
2026-02-02 06:30:40,1770010240,0.0233,218.584
2026-02-02 06:30:59,1770010259,0.0233,218.794
2026-02-02 06:31:19,1770010279,0.0233,219.004
2026-02-02 06:31:40,1770010300,0.0226,219.215
2026-02-02 06:32:00,1770010320,0.0223,219.425
2026-02-02 06:32:19,1770010339,0.0221,219.635
2026-02-02 06:32:39,1770010359,0.022,219.845
2026-02-02 06:33:00,1770010380,0.022,220.056
2026-02-02 06:33:20,1770010400,0.022,220.266
2026-02-02 06:33:39,1770010419,0.0228,220.476
2026-02-02 06:33:59,1770010439,0.0228,220.686
2026-02-02 06:34:20,1770010460,0.0228,220.897
2026-02-02 06:34:40,1770010480,0.0217,221.107
2026-02-02 06:34:59,1770010499,0.0217,221.317
2026-02-02 06:35:20,1770010520,0.0217,221.528
2026-02-02 06:35:40,1770010540,0.0222,221.738
2026-02-02 06:35:59,1770010559,0.0222,221.948
2026-02-02 06:36:19,1770010579,0.0222,222.158
2026-02-02 06:36:40,1770010600,0.0215,222.369
2026-02-02 06:37:00,1770010620,0.0215,222.579
2026-02-02 06:37:19,1770010639,0.0215,222.789
2026-02-02 06:37:39,1770010659,0.0228,222.999
2026-02-02 06:38:00,1770010680,0.0228,223.21
2026-02-02 06:38:20,1770010700,0.0228,223.42
2026-02-02 06:38:39,1770010719,0.0228,223.63
2026-02-02 06:38:59,1770010739,0.0228,223.84
2026-02-02 06:39:20,1770010760,0.0228,224.051
2026-02-02 06:39:40,1770010780,0.0207,224.261
2026-02-02 06:39:59,1770010799,0.0207,224.471
2026-02-02 06:40:20,1770010820,0.0207,224.682
2026-02-02 06:40:40,1770010840,0.0227,224.892
2026-02-02 06:40:59,1770010859,0.0227,225.102
2026-02-02 06:41:19,1770010879,0.0227,225.312
2026-02-02 06:41:40,1770010900,0.0227,225.523
2026-02-02 06:42:00,1770010920,0.0227,225.733
2026-02-02 06:42:19,1770010939,0.0227,225.943
2026-02-02 06:42:39,1770010959,0.0227,226.153
2026-02-02 06:43:00,1770010980,0.0227,226.364
2026-02-02 06:43:20,1770011000,0.0227,226.574
2026-02-02 06:43:39,1770011019,0.0222,226.784
2026-02-02 06:43:59,1770011039,0.022,226.994
2026-02-02 06:44:20,1770011060,0.0218,227.205
2026-02-02 06:44:40,1770011080,0.0215,227.415
2026-02-02 06:44:59,1770011099,0.0215,227.625
2026-02-02 06:45:19,1770011119,0.0215,227.835
2026-02-02 06:45:40,1770011140,0.0231,228.046
2026-02-02 06:45:59,1770011159,0.0232,228.256
2026-02-02 06:46:19,1770011179,0.0233,228.466
2026-02-02 06:46:40,1770011200,0.0233,228.677
2026-02-02 06:47:00,1770011220,0.0233,228.887
2026-02-02 06:47:19,1770011239,0.0233,229.097
2026-02-02 06:47:39,1770011259,0.0232,229.307
2026-02-02 06:48:00,1770011280,0.0232,229.518
2026-02-02 06:48:20,1770011300,0.0232,229.728
2026-02-02 06:48:39,1770011319,0.0238,229.938
2026-02-02 06:48:59,1770011339,0.0238,230.148
2026-02-02 06:49:20,1770011360,0.0238,230.359
2026-02-02 06:49:40,1770011380,0.0225,230.569
2026-02-02 06:49:59,1770011399,0.0225,230.779
2026-02-02 06:50:19,1770011419,0.0225,230.989
2026-02-02 06:50:40,1770011440,0.0233,231.2
2026-02-02 06:50:59,1770011459,0.0235,231.41
2026-02-02 06:51:19,1770011479,0.0237,231.62
2026-02-02 06:51:40,1770011500,0.0238,231.831
2026-02-02 06:52:00,1770011520,0.0238,232.041
2026-02-02 06:52:19,1770011539,0.0238,232.251
2026-02-02 06:52:39,1770011559,0.0215,232.461
2026-02-02 06:53:00,1770011580,0.0215,232.672
2026-02-02 06:53:20,1770011600,0.0215,232.882
2026-02-02 06:53:39,1770011619,0.0226,233.092
2026-02-02 06:53:59,1770011639,0.0227,233.302
2026-02-02 06:54:20,1770011660,0.0228,233.513
2026-02-02 06:54:40,1770011680,0.0228,233.723
2026-02-02 06:54:59,1770011699,0.0228,233.933
2026-02-02 06:55:19,1770011719,0.0228,234.143
2026-02-02 06:55:40,1770011740,0.0225,234.354
2026-02-02 06:55:59,1770011759,0.0225,234.564
2026-02-02 06:56:19,1770011779,0.0225,234.774
2026-02-02 06:56:40,1770011800,0.0228,234.985
2026-02-02 06:57:00,1770011820,0.0228,235.195
2026-02-02 06:57:19,1770011839,0.0228,235.405
2026-02-02 06:57:39,1770011859,0.0227,235.615
2026-02-02 06:58:00,1770011880,0.0227,235.826
2026-02-02 06:58:20,1770011900,0.0227,236.036
2026-02-02 06:58:39,1770011919,0.0227,236.246
2026-02-02 06:58:59,1770011939,0.0227,236.456
2026-02-02 06:59:20,1770011960,0.0227,236.667
2026-02-02 06:59:40,1770011980,0.0225,236.877
2026-02-02 06:59:59,1770011999,0.0225,237.087
2026-02-02 07:00:19,1770012019,0.0225,237.297
2026-02-02 07:00:40,1770012040,0.0237,237.508
2026-02-02 07:01:00,1770012060,0.0237,237.718
2026-02-02 07:01:19,1770012079,0.0237,237.928
2026-02-02 07:01:40,1770012100,0.023,238.139
2026-02-02 07:02:00,1770012120,0.0228,238.349
2026-02-02 07:02:19,1770012139,0.0226,238.559
2026-02-02 07:02:39,1770012159,0.0225,238.769
2026-02-02 07:03:00,1770012180,0.0225,238.98
2026-02-02 07:03:20,1770012200,0.0225,239.19
2026-02-02 07:03:39,1770012219,0.023,239.4
2026-02-02 07:03:59,1770012239,0.023,239.61
2026-02-02 07:04:20,1770012260,0.023,239.821
2026-02-02 07:04:40,1770012280,0.0228,240.031
2026-02-02 07:04:59,1770012299,0.0228,240.241
2026-02-02 07:05:19,1770012319,0.0228,240.451
2026-02-02 07:05:40,1770012340,0.0233,240.662
2026-02-02 07:06:00,1770012360,0.0233,240.872
2026-02-02 07:06:19,1770012379,0.0233,241.082
2026-02-02 07:06:40,1770012400,0.0225,241.293
2026-02-02 07:07:00,1770012420,0.0225,241.503
2026-02-02 07:07:19,1770012439,0.0225,241.713
2026-02-02 07:07:39,1770012459,0.0232,241.923
2026-02-02 07:08:00,1770012480,0.0232,242.134
2026-02-02 07:08:20,1770012500,0.0232,242.344
2026-02-02 07:08:39,1770012519,0.0225,242.554
2026-02-02 07:08:59,1770012539,0.0225,242.764
2026-02-02 07:09:20,1770012560,0.0225,242.975
2026-02-02 07:09:40,1770012580,0.0228,243.185
2026-02-02 07:09:59,1770012599,0.0228,243.395
2026-02-02 07:10:19,1770012619,0.0228,243.605
2026-02-02 07:10:40,1770012640,0.0225,243.816
2026-02-02 07:11:00,1770012660,0.0225,244.026
2026-02-02 07:11:19,1770012679,0.0225,244.236
2026-02-02 07:11:40,1770012700,0.023,244.447
2026-02-02 07:12:00,1770012720,0.0232,244.657
2026-02-02 07:12:19,1770012739,0.0233,244.867
2026-02-02 07:12:39,1770012759,0.0235,245.077
2026-02-02 07:13:00,1770012780,0.0235,245.288
2026-02-02 07:13:20,1770012800,0.0235,245.498
2026-02-02 07:13:39,1770012819,0.0233,245.708
2026-02-02 07:13:59,1770012839,0.0232,245.918
2026-02-02 07:14:20,1770012860,0.023,246.129
2026-02-02 07:14:40,1770012880,0.0229,246.339
2026-02-02 07:14:59,1770012899,0.0227,246.549
2026-02-02 07:15:19,1770012919,0.0225,246.759
2026-02-02 07:15:40,1770012940,0.022,246.97
2026-02-02 07:16:00,1770012960,0.022,247.18
2026-02-02 07:16:19,1770012979,0.022,247.39
2026-02-02 07:16:39,1770012999,0.0235,247.6
2026-02-02 07:17:00,1770013020,0.0235,247.811
2026-02-02 07:17:19,1770013039,0.0235,248.021
2026-02-02 07:17:39,1770013059,0.0229,248.231
2026-02-02 07:18:00,1770013080,0.0227,248.442
2026-02-02 07:18:20,1770013100,0.0224,248.652
2026-02-02 07:18:39,1770013119,0.0218,248.862
2026-02-02 07:18:59,1770013139,0.0218,249.072
2026-02-02 07:19:20,1770013160,0.0218,249.283
2026-02-02 07:19:40,1770013180,0.022,249.493
2026-02-02 07:19:59,1770013199,0.0222,249.703
2026-02-02 07:20:19,1770013219,0.0223,249.913
2026-02-02 07:20:40,1770013240,0.0226,250.124
2026-02-02 07:21:00,1770013260,0.0227,250.334
2026-02-02 07:21:19,1770013279,0.0228,250.544
2026-02-02 07:21:39,1770013299,0.0228,250.754
2026-02-02 07:22:00,1770013320,0.0228,250.965
2026-02-02 07:22:19,1770013339,0.0228,251.175
2026-02-02 07:22:39,1770013359,0.022,251.385
2026-02-02 07:23:00,1770013380,0.022,251.596
2026-02-02 07:23:20,1770013400,0.022,251.806
2026-02-02 07:23:39,1770013419,0.0222,252.016
2026-02-02 07:23:59,1770013439,0.0222,252.226
2026-02-02 07:24:20,1770013460,0.0222,252.437
2026-02-02 07:24:40,1770013480,0.022,252.647
2026-02-02 07:24:59,1770013499,0.022,252.857
2026-02-02 07:25:19,1770013519,0.022,253.067
2026-02-02 07:25:40,1770013540,0.0235,253.278
2026-02-02 07:26:00,1770013560,0.0235,253.488
2026-02-02 07:26:19,1770013579,0.0235,253.698
2026-02-02 07:26:39,1770013599,0.023,253.908
2026-02-02 07:27:00,1770013620,0.0227,254.119
2026-02-02 07:27:19,1770013639,0.0223,254.329
2026-02-02 07:27:39,1770013659,0.0213,254.539
2026-02-02 07:28:00,1770013680,0.0213,254.75
2026-02-02 07:28:20,1770013700,0.0213,254.96
2026-02-02 07:28:39,1770013719,0.022,255.17
2026-02-02 07:28:59,1770013739,0.0222,255.38
2026-02-02 07:29:20,1770013760,0.0224,255.591
2026-02-02 07:29:40,1770013780,0.0224,255.801
2026-02-02 07:29:59,1770013799,0.0225,256.011
2026-02-02 07:30:19,1770013819,0.0226,256.221
2026-02-02 07:30:40,1770013840,0.0226,256.432
2026-02-02 07:31:00,1770013860,0.0227,256.642
2026-02-02 07:31:19,1770013879,0.0227,256.852
2026-02-02 07:31:39,1770013899,0.0227,257.062
2026-02-02 07:32:00,1770013920,0.0228,257.273
2026-02-02 07:32:20,1770013940,0.0229,257.483
2026-02-02 07:32:39,1770013959,0.0242,257.693
2026-02-02 07:33:00,1770013980,0.0242,257.904
2026-02-02 07:33:20,1770014000,0.0242,258.114
2026-02-02 07:33:39,1770014019,0.0217,258.324
2026-02-02 07:33:59,1770014039,0.0217,258.534
2026-02-02 07:34:20,1770014060,0.0217,258.745
2026-02-02 07:34:40,1770014080,0.0232,258.955
2026-02-02 07:34:59,1770014099,0.0232,259.165
2026-02-02 07:35:19,1770014119,0.0232,259.375
2026-02-02 07:35:40,1770014140,0.0227,259.586
2026-02-02 07:36:00,1770014160,0.0227,259.796
2026-02-02 07:36:19,1770014179,0.0227,260.006
2026-02-02 07:36:39,1770014199,0.0227,260.216
2026-02-02 07:37:00,1770014220,0.0227,260.427
2026-02-02 07:37:20,1770014240,0.0227,260.637
2026-02-02 07:37:39,1770014259,0.0232,260.847
2026-02-02 07:38:00,1770014280,0.0232,261.058
2026-02-02 07:38:20,1770014300,0.0232,261.268
2026-02-02 07:38:39,1770014319,0.0231,261.478
2026-02-02 07:38:59,1770014339,0.023,261.688
2026-02-02 07:39:20,1770014360,0.0229,261.899
2026-02-02 07:39:40,1770014380,0.0213,262.109
2026-02-02 07:39:59,1770014399,0.0213,262.319
2026-02-02 07:40:19,1770014419,0.0213,262.529
2026-02-02 07:40:40,1770014440,0.023,262.74
2026-02-02 07:41:00,1770014460,0.023,262.95
2026-02-02 07:41:19,1770014479,0.023,263.16
2026-02-02 07:41:39,1770014499,0.022,263.37
2026-02-02 07:42:00,1770014520,0.022,263.581
2026-02-02 07:42:20,1770014540,0.022,263.791
2026-02-02 07:42:39,1770014559,0.0222,264.001
2026-02-02 07:43:00,1770014580,0.0222,264.212
2026-02-02 07:43:20,1770014600,0.0222,264.422
2026-02-02 07:43:39,1770014619,0.0222,264.632
2026-02-02 07:43:59,1770014639,0.0222,264.842
2026-02-02 07:44:20,1770014660,0.0222,265.053
2026-02-02 07:44:40,1770014680,0.0207,265.263
2026-02-02 07:44:59,1770014699,0.0207,265.473
2026-02-02 07:45:19,1770014719,0.0207,265.683
2026-02-02 07:45:40,1770014740,0.0223,265.894
2026-02-02 07:46:00,1770014760,0.0223,266.104
2026-02-02 07:46:19,1770014779,0.0223,266.314
2026-02-02 07:46:39,1770014799,0.0223,266.524
2026-02-02 07:47:00,1770014820,0.0223,266.735
2026-02-02 07:47:20,1770014840,0.0223,266.945
2026-02-02 07:47:39,1770014859,0.0233,267.155
2026-02-02 07:47:59,1770014879,0.0233,267.365
2026-02-02 07:48:20,1770014900,0.0233,267.576
2026-02-02 07:48:39,1770014919,0.0225,267.786
2026-02-02 07:48:59,1770014939,0.0225,267.996
2026-02-02 07:49:20,1770014960,0.0225,268.207
2026-02-02 07:49:40,1770014980,0.0226,268.417
2026-02-02 07:49:59,1770014999,0.0228,268.627
2026-02-02 07:50:19,1770015019,0.0231,268.837
2026-02-02 07:50:40,1770015040,0.024,269.048
2026-02-02 07:51:00,1770015060,0.024,269.258
2026-02-02 07:51:19,1770015079,0.024,269.468
2026-02-02 07:51:39,1770015099,0.0228,269.678
2026-02-02 07:52:00,1770015120,0.0227,269.889
2026-02-02 07:52:20,1770015140,0.0226,270.099
2026-02-02 07:52:39,1770015159,0.0225,270.309
2026-02-02 07:52:59,1770015179,0.0225,270.519
2026-02-02 07:53:20,1770015200,0.0225,270.73
2026-02-02 07:53:39,1770015219,0.0262,270.94
2026-02-02 07:53:59,1770015239,0.0262,271.15
2026-02-02 07:54:20,1770015260,0.0262,271.361
2026-02-02 07:54:40,1770015280,0.0229,271.571
2026-02-02 07:54:59,1770015299,0.0227,271.781
2026-02-02 07:55:19,1770015319,0.0224,271.991
2026-02-02 07:55:40,1770015340,0.0223,272.202
2026-02-02 07:56:00,1770015360,0.0223,272.412
2026-02-02 07:56:19,1770015379,0.0223,272.622
2026-02-02 07:56:39,1770015399,0.0229,272.832
2026-02-02 07:57:00,1770015420,0.023,273.043
2026-02-02 07:57:20,1770015440,0.0231,273.253
2026-02-02 07:57:39,1770015459,0.0232,273.463
2026-02-02 07:57:59,1770015479,0.0232,273.673
2026-02-02 07:58:20,1770015500,0.0232,273.884
2026-02-02 07:58:39,1770015519,0.0223,274.094
2026-02-02 07:58:59,1770015539,0.0223,274.304
2026-02-02 07:59:20,1770015560,0.0223,274.515
2026-02-02 07:59:40,1770015580,0.0224,274.725
2026-02-02 07:59:59,1770015599,0.0227,274.935
2026-02-02 08:00:19,1770015619,0.0229,275.145
2026-02-02 08:00:40,1770015640,0.0248,275.356
2026-02-02 08:01:00,1770015660,0.0248,275.566
2026-02-02 08:01:19,1770015679,0.0248,275.776
2026-02-02 08:01:39,1770015699,0.022,275.986
2026-02-02 08:02:00,1770015720,0.022,276.197
2026-02-02 08:02:20,1770015740,0.022,276.407
2026-02-02 08:02:39,1770015759,0.0237,276.617
2026-02-02 08:02:59,1770015779,0.0237,276.827
2026-02-02 08:03:20,1770015800,0.0237,277.038
2026-02-02 08:03:40,1770015820,0.023,277.248
2026-02-02 08:03:59,1770015839,0.0228,277.458
2026-02-02 08:04:20,1770015860,0.0226,277.669
2026-02-02 08:04:40,1770015880,0.0225,277.879
2026-02-02 08:04:59,1770015899,0.0225,278.089
2026-02-02 08:05:19,1770015919,0.0225,278.299
2026-02-02 08:05:40,1770015940,0.0232,278.51
2026-02-02 08:06:00,1770015960,0.0232,278.72
2026-02-02 08:06:19,1770015979,0.0232,278.93
2026-02-02 08:06:39,1770015999,0.0224,279.14
2026-02-02 08:07:00,1770016020,0.0223,279.351
2026-02-02 08:07:20,1770016040,0.0222,279.561
2026-02-02 08:07:39,1770016059,0.0222,279.771
2026-02-02 08:07:59,1770016079,0.0222,279.981
2026-02-02 08:08:20,1770016100,0.0222,280.192
2026-02-02 08:08:40,1770016120,0.023,280.402
2026-02-02 08:08:59,1770016139,0.023,280.612
2026-02-02 08:09:20,1770016160,0.023,280.823
2026-02-02 08:09:40,1770016180,0.0225,281.033
2026-02-02 08:09:59,1770016199,0.0225,281.243
2026-02-02 08:10:19,1770016219,0.0225,281.453
2026-02-02 08:10:40,1770016240,0.0235,281.664
2026-02-02 08:11:00,1770016260,0.0235,281.874
2026-02-02 08:11:19,1770016279,0.0235,282.084
2026-02-02 08:11:39,1770016299,0.0227,282.294
2026-02-02 08:12:00,1770016320,0.0225,282.505
2026-02-02 08:12:20,1770016340,0.0223,282.715
2026-02-02 08:12:39,1770016359,0.0222,282.925
2026-02-02 08:12:59,1770016379,0.0222,283.135
2026-02-02 08:13:20,1770016400,0.0222,283.346
2026-02-02 08:13:40,1770016420,0.0233,283.556
2026-02-02 08:13:59,1770016439,0.0233,283.766
2026-02-02 08:14:19,1770016459,0.0233,283.976
2026-02-02 08:14:40,1770016480,0.0232,284.187
2026-02-02 08:14:59,1770016499,0.0232,284.397
2026-02-02 08:15:19,1770016519,0.0231,284.607
2026-02-02 08:15:40,1770016540,0.0228,284.818
2026-02-02 08:16:00,1770016560,0.0228,285.028
2026-02-02 08:16:19,1770016579,0.0228,285.238
2026-02-02 08:16:39,1770016599,0.023,285.448
2026-02-02 08:17:00,1770016620,0.023,285.659
2026-02-02 08:17:20,1770016640,0.023,285.869
2026-02-02 08:17:39,1770016659,0.0229,286.079
2026-02-02 08:17:59,1770016679,0.0228,286.289
2026-02-02 08:18:20,1770016700,0.0227,286.5
2026-02-02 08:18:40,1770016720,0.0223,286.71
2026-02-02 08:18:59,1770016739,0.0223,286.92
2026-02-02 08:19:19,1770016759,0.0223,287.13
2026-02-02 08:19:40,1770016780,0.0226,287.341
2026-02-02 08:19:59,1770016799,0.023,287.551
2026-02-02 08:20:19,1770016819,0.0234,287.761
2026-02-02 08:20:40,1770016840,0.0247,287.972
2026-02-02 08:21:00,1770016860,0.0247,288.182
2026-02-02 08:21:19,1770016879,0.0247,288.392
2026-02-02 08:21:39,1770016899,0.0246,288.602
2026-02-02 08:22:00,1770016920,0.0243,288.813
2026-02-02 08:22:20,1770016940,0.0241,289.023
2026-02-02 08:22:39,1770016959,0.0213,289.233
2026-02-02 08:22:59,1770016979,0.0213,289.443
2026-02-02 08:23:20,1770017000,0.0213,289.654
2026-02-02 08:23:40,1770017020,0.0214,289.864
2026-02-02 08:23:59,1770017039,0.0215,290.074
2026-02-02 08:24:19,1770017059,0.0216,290.284
2026-02-02 08:24:40,1770017080,0.0216,290.495
2026-02-02 08:24:59,1770017099,0.0218,290.705
2026-02-02 08:25:19,1770017119,0.0221,290.915
2026-02-02 08:25:40,1770017140,0.0232,291.126
2026-02-02 08:26:00,1770017160,0.0232,291.336
2026-02-02 08:26:19,1770017179,0.0232,291.546
2026-02-02 08:26:39,1770017199,0.0231,291.756
2026-02-02 08:27:00,1770017220,0.0228,291.967
2026-02-02 08:27:20,1770017240,0.0226,292.177
2026-02-02 08:27:39,1770017259,0.0218,292.387
2026-02-02 08:27:59,1770017279,0.0218,292.597
2026-02-02 08:28:20,1770017300,0.0218,292.808
2026-02-02 08:28:40,1770017320,0.0227,293.018
2026-02-02 08:28:59,1770017339,0.0227,293.228
2026-02-02 08:29:19,1770017359,0.0227,293.438
2026-02-02 08:29:40,1770017380,0.0218,293.649
2026-02-02 08:30:00,1770017400,0.0218,293.859
2026-02-02 08:30:19,1770017419,0.0218,294.069
2026-02-02 08:30:40,1770017440,0.0248,294.28
2026-02-02 08:31:00,1770017460,0.0248,294.49
2026-02-02 08:31:19,1770017479,0.0248,294.7
2026-02-02 08:31:39,1770017499,0.0237,294.91
2026-02-02 08:32:00,1770017520,0.0233,295.121
2026-02-02 08:32:20,1770017540,0.023,295.331
2026-02-02 08:32:39,1770017559,0.0229,295.541
2026-02-02 08:32:59,1770017579,0.0227,295.751
2026-02-02 08:33:20,1770017600,0.0224,295.962
2026-02-02 08:33:40,1770017620,0.022,296.172
2026-02-02 08:33:59,1770017639,0.022,296.382
2026-02-02 08:34:19,1770017659,0.022,296.592
2026-02-02 08:34:40,1770017680,0.0222,296.803
2026-02-02 08:35:00,1770017700,0.0223,297.013
2026-02-02 08:35:19,1770017719,0.0225,297.223
2026-02-02 08:35:40,1770017740,0.0228,297.434
2026-02-02 08:36:00,1770017760,0.0228,297.644
2026-02-02 08:36:19,1770017779,0.0228,297.854
2026-02-02 08:36:39,1770017799,0.0227,298.064
2026-02-02 08:37:00,1770017820,0.0227,298.275
2026-02-02 08:37:20,1770017840,0.0227,298.485
2026-02-02 08:37:39,1770017859,0.0235,298.695
2026-02-02 08:37:59,1770017879,0.0235,298.905
2026-02-02 08:38:20,1770017900,0.0235,299.116
2026-02-02 08:38:40,1770017920,0.0234,299.326
2026-02-02 08:38:59,1770017939,0.0233,299.536
2026-02-02 08:39:19,1770017959,0.0232,299.746
2026-02-02 08:39:40,1770017980,0.023,299.957
2026-02-02 08:40:00,1770018000,0.023,300.167
2026-02-02 08:40:19,1770018019,0.023,300.377
2026-02-02 08:40:40,1770018040,0.0232,300.588
2026-02-02 08:41:00,1770018060,0.0232,300.798
2026-02-02 08:41:19,1770018079,0.0232,301.008
2026-02-02 08:41:39,1770018099,0.0223,301.218
2026-02-02 08:42:00,1770018120,0.0223,301.429
2026-02-02 08:42:20,1770018140,0.0223,301.639
2026-02-02 08:42:39,1770018159,0.0235,301.849
2026-02-02 08:42:59,1770018179,0.0235,302.059
2026-02-02 08:43:20,1770018200,0.0235,302.27
2026-02-02 08:43:40,1770018220,0.0218,302.48
2026-02-02 08:43:59,1770018239,0.0218,302.69
2026-02-02 08:44:19,1770018259,0.0218,302.9
2026-02-02 08:44:40,1770018280,0.0221,303.111
2026-02-02 08:45:00,1770018300,0.0223,303.321
2026-02-02 08:45:19,1770018319,0.0226,303.531
2026-02-02 08:45:39,1770018339,0.0232,303.741
2026-02-02 08:46:00,1770018360,0.0232,303.952
2026-02-02 08:46:19,1770018379,0.0232,304.162
2026-02-02 08:46:39,1770018399,0.0231,304.372
2026-02-02 08:47:00,1770018420,0.0228,304.583
2026-02-02 08:47:20,1770018440,0.0226,304.793
2026-02-02 08:47:39,1770018459,0.0215,305.003
2026-02-02 08:47:59,1770018479,0.0215,305.213
2026-02-02 08:48:20,1770018500,0.0215,305.424
2026-02-02 08:48:40,1770018520,0.0219,305.634
2026-02-02 08:48:59,1770018539,0.022,305.844
2026-02-02 08:49:19,1770018559,0.0221,306.054
2026-02-02 08:49:40,1770018580,0.0222,306.265
2026-02-02 08:50:00,1770018600,0.0223,306.475
2026-02-02 08:50:19,1770018619,0.0225,306.685
2026-02-02 08:50:39,1770018639,0.0227,306.895
2026-02-02 08:51:00,1770018660,0.0228,307.106
2026-02-02 08:51:19,1770018679,0.0229,307.316
2026-02-02 08:51:39,1770018699,0.023,307.526
2026-02-02 08:52:00,1770018720,0.023,307.737
2026-02-02 08:52:20,1770018740,0.023,307.947
2026-02-02 08:52:39,1770018759,0.0212,308.157
2026-02-02 08:52:59,1770018779,0.0212,308.367
2026-02-02 08:53:20,1770018800,0.0212,308.578
2026-02-02 08:53:40,1770018820,0.0222,308.788
2026-02-02 08:53:59,1770018839,0.0225,308.998
2026-02-02 08:54:19,1770018859,0.0228,309.208
2026-02-02 08:54:40,1770018880,0.023,309.419
2026-02-02 08:55:00,1770018900,0.023,309.629
2026-02-02 08:55:19,1770018919,0.023,309.839
2026-02-02 08:55:39,1770018939,0.0212,310.049
2026-02-02 08:56:00,1770018960,0.0212,310.26
2026-02-02 08:56:19,1770018979,0.0212,310.47
2026-02-02 08:56:39,1770018999,0.0218,310.68
2026-02-02 08:57:00,1770019020,0.0222,310.891
2026-02-02 08:57:20,1770019040,0.0225,311.101
2026-02-02 08:57:39,1770019059,0.0231,311.311
2026-02-02 08:57:59,1770019079,0.0233,311.521
2026-02-02 08:58:20,1770019100,0.0236,311.732
2026-02-02 08:58:40,1770019120,0.0237,311.942
2026-02-02 08:58:59,1770019139,0.0237,312.152
2026-02-02 08:59:19,1770019159,0.0237,312.362
2026-02-02 08:59:40,1770019180,0.0223,312.573
2026-02-02 09:00:00,1770019200,0.0223,312.783
2026-02-02 09:00:19,1770019219,0.0223,312.993
2026-02-02 09:00:39,1770019239,0.024,313.203
2026-02-02 09:01:00,1770019260,0.024,313.414
2026-02-02 09:01:20,1770019280,0.024,313.624
2026-02-02 09:01:39,1770019299,0.0237,313.834
2026-02-02 09:02:00,1770019320,0.0235,314.045
2026-02-02 09:02:20,1770019340,0.0233,314.255
2026-02-02 09:02:39,1770019359,0.0227,314.465
2026-02-02 09:02:59,1770019379,0.0227,314.675
2026-02-02 09:03:20,1770019400,0.0227,314.886
2026-02-02 09:03:40,1770019420,0.0227,315.096
2026-02-02 09:03:59,1770019439,0.0227,315.306
2026-02-02 09:04:19,1770019459,0.0227,315.516
2026-02-02 09:04:40,1770019480,0.0225,315.727
2026-02-02 09:05:00,1770019500,0.0225,315.937
2026-02-02 09:05:19,1770019519,0.0225,316.147
2026-02-02 09:05:39,1770019539,0.0243,316.357
2026-02-02 09:06:00,1770019560,0.0243,316.568
2026-02-02 09:06:20,1770019580,0.0243,316.778
2026-02-02 09:06:39,1770019599,0.0233,316.988
2026-02-02 09:07:00,1770019620,0.023,317.199
2026-02-02 09:07:20,1770019640,0.0227,317.409
2026-02-02 09:07:39,1770019659,0.0228,317.619
2026-02-02 09:07:59,1770019679,0.0225,317.829
2026-02-02 09:08:20,1770019700,0.0222,318.04
2026-02-02 09:08:40,1770019720,0.0207,318.25
2026-02-02 09:08:59,1770019739,0.0207,318.46
2026-02-02 09:09:19,1770019759,0.0207,318.67
2026-02-02 09:09:40,1770019780,0.0218,318.881
2026-02-02 09:10:00,1770019800,0.0223,319.091
2026-02-02 09:10:19,1770019819,0.0228,319.301
2026-02-02 09:10:39,1770019839,0.0237,319.511
2026-02-02 09:11:00,1770019860,0.0237,319.722
2026-02-02 09:11:20,1770019880,0.0237,319.932
2026-02-02 09:11:39,1770019899,0.0223,320.142
2026-02-02 09:12:00,1770019920,0.0223,320.353
2026-02-02 09:12:20,1770019940,0.0223,320.563
2026-02-02 09:12:39,1770019959,0.0237,320.773
2026-02-02 09:12:59,1770019979,0.0237,320.983
2026-02-02 09:13:20,1770020000,0.0237,321.194
2026-02-02 09:13:40,1770020020,0.0225,321.404
2026-02-02 09:13:59,1770020039,0.0225,321.614
2026-02-02 09:14:19,1770020059,0.0225,321.824
2026-02-02 09:14:40,1770020080,0.0233,322.035
2026-02-02 09:15:00,1770020100,0.0233,322.245
2026-02-02 09:15:19,1770020119,0.0233,322.455
2026-02-02 09:15:39,1770020139,0.0217,322.665
2026-02-02 09:16:00,1770020160,0.0217,322.876
2026-02-02 09:16:20,1770020180,0.0217,323.086
2026-02-02 09:16:39,1770020199,0.0222,323.296
2026-02-02 09:16:59,1770020219,0.0223,323.506
2026-02-02 09:17:20,1770020240,0.0224,323.717
2026-02-02 09:17:39,1770020259,0.0224,323.927
2026-02-02 09:17:59,1770020279,0.0225,324.137
2026-02-02 09:18:20,1770020300,0.0226,324.348
2026-02-02 09:18:40,1770020320,0.0228,324.558
2026-02-02 09:18:59,1770020339,0.0228,324.768
2026-02-02 09:19:19,1770020359,0.0228,324.978
2026-02-02 09:19:40,1770020380,0.0225,325.189
2026-02-02 09:20:00,1770020400,0.0225,325.399
2026-02-02 09:20:19,1770020419,0.0225,325.609
2026-02-02 09:20:39,1770020439,0.0227,325.819
2026-02-02 09:21:00,1770020460,0.0227,326.03
2026-02-02 09:21:20,1770020480,0.0227,326.24
2026-02-02 09:21:39,1770020499,0.022,326.45
2026-02-02 09:21:59,1770020519,0.022,326.66
2026-02-02 09:22:20,1770020540,0.022,326.871
2026-02-02 09:22:39,1770020559,0.0248,327.081
2026-02-02 09:22:59,1770020579,0.0248,327.291
2026-02-02 09:23:20,1770020600,0.0248,327.502
2026-02-02 09:23:40,1770020620,0.0228,327.712
2026-02-02 09:23:59,1770020639,0.0228,327.922
2026-02-02 09:24:19,1770020659,0.0228,328.132
2026-02-02 09:24:40,1770020680,0.0233,328.343
2026-02-02 09:25:00,1770020700,0.0233,328.553
2026-02-02 09:25:19,1770020719,0.0233,328.763
2026-02-02 09:25:39,1770020739,0.0225,328.973
2026-02-02 09:26:00,1770020760,0.0225,329.184
2026-02-02 09:26:20,1770020780,0.0225,329.394
2026-02-02 09:26:39,1770020799,0.0225,329.604
2026-02-02 09:26:59,1770020819,0.0225,329.814
2026-02-02 09:27:20,1770020840,0.0225,330.025
2026-02-02 09:27:39,1770020859,0.0226,330.235
2026-02-02 09:27:59,1770020879,0.0227,330.445
2026-02-02 09:28:20,1770020900,0.0228,330.656
2026-02-02 09:28:40,1770020920,0.0232,330.866
2026-02-02 09:28:59,1770020939,0.0232,331.076
2026-02-02 09:29:19,1770020959,0.0232,331.286
2026-02-02 09:29:40,1770020980,0.0227,331.497
2026-02-02 09:30:00,1770021000,0.0227,331.707
2026-02-02 09:30:19,1770021019,0.0227,331.917
2026-02-02 09:30:39,1770021039,0.0233,332.127
2026-02-02 09:31:00,1770021060,0.0233,332.338
2026-02-02 09:31:20,1770021080,0.0233,332.548
2026-02-02 09:31:39,1770021099,0.0233,332.758
2026-02-02 09:31:59,1770021119,0.0233,332.968
2026-02-02 09:32:20,1770021140,0.0233,333.179
2026-02-02 09:32:40,1770021160,0.0237,333.389
2026-02-02 09:32:59,1770021179,0.0237,333.599
2026-02-02 09:33:20,1770021200,0.0237,333.81
2026-02-02 09:33:40,1770021220,0.0234,334.02
2026-02-02 09:33:59,1770021239,0.023,334.23
2026-02-02 09:34:19,1770021259,0.0226,334.44
2026-02-02 09:34:40,1770021280,0.0215,334.651
2026-02-02 09:35:00,1770021300,0.0215,334.861
2026-02-02 09:35:19,1770021319,0.0215,335.071
2026-02-02 09:35:39,1770021339,0.0225,335.281
2026-02-02 09:36:00,1770021360,0.0225,335.492
2026-02-02 09:36:20,1770021380,0.0225,335.702
2026-02-02 09:36:39,1770021399,0.0215,335.912
2026-02-02 09:36:59,1770021419,0.0215,336.122
2026-02-02 09:37:20,1770021440,0.0215,336.333
2026-02-02 09:37:40,1770021460,0.0228,336.543
2026-02-02 09:37:59,1770021479,0.0228,336.753
2026-02-02 09:38:20,1770021500,0.0228,336.964
2026-02-02 09:38:40,1770021520,0.0228,337.174
2026-02-02 09:38:59,1770021539,0.0227,337.384
2026-02-02 09:39:19,1770021559,0.0226,337.594
2026-02-02 09:39:40,1770021580,0.0213,337.805
2026-02-02 09:40:00,1770021600,0.0213,338.015
2026-02-02 09:40:19,1770021619,0.0213,338.225
2026-02-02 09:40:39,1770021639,0.0222,338.435
2026-02-02 09:41:00,1770021660,0.0223,338.646
2026-02-02 09:41:20,1770021680,0.0224,338.856
2026-02-02 09:41:39,1770021699,0.0225,339.066
2026-02-02 09:41:59,1770021719,0.0225,339.276
2026-02-02 09:42:20,1770021740,0.0225,339.487
2026-02-02 09:42:40,1770021760,0.0224,339.697
2026-02-02 09:42:59,1770021779,0.0223,339.907
2026-02-02 09:43:20,1770021800,0.0222,340.118
2026-02-02 09:43:40,1770021820,0.022,340.328
2026-02-02 09:43:59,1770021839,0.022,340.538
2026-02-02 09:44:19,1770021859,0.022,340.748
2026-02-02 09:44:40,1770021880,0.0226,340.959
2026-02-02 09:45:00,1770021900,0.0228,341.169
2026-02-02 09:45:19,1770021919,0.0231,341.379
2026-02-02 09:45:39,1770021939,0.0237,341.589
2026-02-02 09:46:00,1770021960,0.0237,341.8
2026-02-02 09:46:20,1770021980,0.0237,342.01
2026-02-02 09:46:39,1770021999,0.0228,342.22
2026-02-02 09:46:59,1770022019,0.0228,342.43
2026-02-02 09:47:20,1770022040,0.0228,342.641
2026-02-02 09:47:40,1770022060,0.0237,342.851
2026-02-02 09:47:59,1770022079,0.0237,343.061
2026-02-02 09:48:19,1770022099,0.0237,343.271
2026-02-02 09:48:40,1770022120,0.0237,343.482
2026-02-02 09:48:59,1770022139,0.0237,343.692
2026-02-02 09:49:19,1770022159,0.0237,343.902
2026-02-02 09:49:40,1770022180,0.0234,344.113
2026-02-02 09:50:00,1770022200,0.0232,344.323
2026-02-02 09:50:19,1770022219,0.0229,344.533
2026-02-02 09:50:39,1770022239,0.022,344.743
2026-02-02 09:51:00,1770022260,0.022,344.954
2026-02-02 09:51:20,1770022280,0.022,345.164
2026-02-02 09:51:39,1770022299,0.0225,345.374
2026-02-02 09:51:59,1770022319,0.0228,345.584
2026-02-02 09:52:20,1770022340,0.0231,345.795
2026-02-02 09:52:40,1770022360,0.0234,346.005
2026-02-02 09:52:59,1770022379,0.0238,346.215
2026-02-02 09:53:19,1770022399,0.0243,346.425
2026-02-02 09:53:40,1770022420,0.0255,346.636
2026-02-02 09:53:59,1770022439,0.0255,346.846
2026-02-02 09:54:19,1770022459,0.0255,347.056
2026-02-02 09:54:40,1770022480,0.0228,347.267
2026-02-02 09:55:00,1770022500,0.0228,347.477
2026-02-02 09:55:19,1770022519,0.0228,347.687
2026-02-02 09:55:39,1770022539,0.0232,347.897
2026-02-02 09:56:00,1770022560,0.0238,348.108
2026-02-02 09:56:20,1770022580,0.0245,348.318
2026-02-02 09:56:39,1770022599,0.0273,348.528
2026-02-02 09:56:59,1770022619,0.0273,348.738
2026-02-02 09:57:20,1770022640,0.0273,348.949
2026-02-02 09:57:40,1770022660,0.0221,349.159
2026-02-02 09:57:59,1770022679,0.022,349.369
2026-02-02 09:58:19,1770022699,0.0219,349.579
2026-02-02 09:58:40,1770022720,0.0219,349.79
2026-02-02 09:59:00,1770022740,0.0218,350.0
