datetime,timestamp,active,waiting,active_cancel,waiting_cancel,pixel_x
2026-02-02 01:00:00,1769990400,4.0,0,0,0,20.0
2026-02-02 01:00:19,1769990419,4.0,0,0,0,20.284
2026-02-02 01:00:40,1769990440,4.0,0,0,0,20.569
2026-02-02 01:00:59,1769990459,4.0,0,0,0,20.853
2026-02-02 01:01:20,1769990480,4.0,0,0,0,21.138
2026-02-02 01:01:39,1769990499,4.0,0,0,0,21.422
2026-02-02 01:02:00,1769990520,4.0,0,0,0,21.707
2026-02-02 01:02:19,1769990539,4.0,0,0,0,21.991
2026-02-02 01:02:40,1769990560,4.0,0,0,0,22.276
2026-02-02 01:02:59,1769990579,4.0,0,0,0,22.56
2026-02-02 01:03:20,1769990600,4.0,0,0,0,22.845
2026-02-02 01:03:39,1769990619,2.0,0,0,0,23.129
2026-02-02 01:04:00,1769990640,2.0,0,0,0,23.414
2026-02-02 01:04:19,1769990659,2.0,0,0,0,23.698
2026-02-02 01:04:40,1769990680,2.0,0,0,0,23.983
2026-02-02 01:04:59,1769990699,2.0,0,0,0,24.267
2026-02-02 01:05:20,1769990720,2.0,0,0,0,24.552
2026-02-02 01:05:39,1769990739,2.0,0,0,0,24.836
2026-02-02 01:06:00,1769990760,2.0,0,0,0,25.121
2026-02-02 01:06:19,1769990779,2.0,0,0,0,25.405
2026-02-02 01:06:40,1769990800,2.0,0,0,0,25.69
2026-02-02 01:06:59,1769990819,2.0,0,0,0,25.974
2026-02-02 01:07:20,1769990840,2.0,0,0,0,26.259
2026-02-02 01:07:40,1769990860,2.0,0,0,0,26.543
2026-02-02 01:07:59,1769990879,2.0,0,0,0,26.827
2026-02-02 01:08:20,1769990900,2.0,0,0,0,27.112
2026-02-02 01:08:39,1769990919,2.0,0,0,0,27.396
2026-02-02 01:09:00,1769990940,2.0,0,0,0,27.681
2026-02-02 01:09:19,1769990959,2.0,0,0,0,27.965
2026-02-02 01:09:40,1769990980,2.0,0,0,0,28.25
2026-02-02 01:09:59,1769990999,2.0,0,0,0,28.534
2026-02-02 01:10:20,1769991020,2.0,0,0,0,28.819
2026-02-02 01:10:39,1769991039,2.0,0,0,0,29.103
2026-02-02 01:11:00,1769991060,2.0,0,0,0,29.388
2026-02-02 01:11:19,1769991079,2.0,0,0,0,29.672
2026-02-02 01:11:40,1769991100,2.0,0,0,0,29.957
2026-02-02 01:11:59,1769991119,2.0,0,0,0,30.241
2026-02-02 01:12:20,1769991140,2.0,0,0,0,30.526
2026-02-02 01:12:39,1769991159,2.0,0,0,0,30.81
2026-02-02 01:13:00,1769991180,2.0,0,0,0,31.095
2026-02-02 01:13:19,1769991199,2.0,0,0,0,31.379
2026-02-02 01:13:40,1769991220,2.0,0,0,0,31.664
2026-02-02 01:13:59,1769991239,2.0,0,0,0,31.948
2026-02-02 01:14:20,1769991260,2.0,0,0,0,32.233
2026-02-02 01:14:39,1769991279,2.0,0,0,0,32.517
2026-02-02 01:14:59,1769991299,2.0,0,0,0,32.801
2026-02-02 01:15:20,1769991320,2.0,0,0,0,33.086
2026-02-02 01:15:39,1769991339,2.0,0,0,0,33.37
2026-02-02 01:16:00,1769991360,2.0,0,0,0,33.655
2026-02-02 01:16:19,1769991379,2.0,0,0,0,33.939
2026-02-02 01:16:40,1769991400,2.0,0,0,0,34.224
2026-02-02 01:16:59,1769991419,2.0,0,0,0,34.508
2026-02-02 01:17:20,1769991440,2.0,0,0,0,34.793
2026-02-02 01:17:39,1769991459,2.0,0,0,0,35.077
2026-02-02 01:18:00,1769991480,2.0,0,0,0,35.362
2026-02-02 01:18:19,1769991499,2.0,0,0,0,35.646
2026-02-02 01:18:40,1769991520,2.0,0,0,0,35.931
2026-02-02 01:18:59,1769991539,2.0,0,0,0,36.215
2026-02-02 01:19:20,1769991560,2.0,0,0,0,36.5
2026-02-02 01:19:39,1769991579,2.0,0,0,0,36.784
2026-02-02 01:20:00,1769991600,2.0,0,0,0,37.069
2026-02-02 01:20:19,1769991619,2.0,0,0,0,37.353
2026-02-02 01:20:40,1769991640,2.0,0,0,0,37.638
2026-02-02 01:20:59,1769991659,2.0,0,0,0,37.922
2026-02-02 01:21:20,1769991680,2.0,0,0,0,38.207
2026-02-02 01:21:39,1769991699,2.0,0,0,0,38.491
2026-02-02 01:22:00,1769991720,2.0,0,0,0,38.776
2026-02-02 01:22:20,1769991740,2.0,0,0,0,39.06
2026-02-02 01:22:39,1769991759,2.0,0,0,0,39.344
2026-02-02 01:23:00,1769991780,2.0,0,0,0,39.629
2026-02-02 01:23:19,1769991799,2.0,0,0,0,39.913
2026-02-02 01:23:40,1769991820,2.0,0,0,0,40.198
2026-02-02 01:23:59,1769991839,2.0,0,0,0,40.482
2026-02-02 01:24:20,1769991860,2.0,0,0,0,40.767
2026-02-02 01:24:39,1769991879,2.0,0,0,0,41.051
2026-02-02 01:25:00,1769991900,2.0,0,0,0,41.336
2026-02-02 01:25:19,1769991919,2.0,0,0,0,41.62
2026-02-02 01:25:40,1769991940,2.0,0,0,0,41.905
2026-02-02 01:25:59,1769991959,2.0,0,0,0,42.189
2026-02-02 01:26:20,1769991980,2.0,0,0,0,42.474
2026-02-02 01:26:39,1769991999,2.0,0,0,0,42.758
2026-02-02 01:27:00,1769992020,2.0,0,0,0,43.043
2026-02-02 01:27:19,1769992039,2.0,0,0,0,43.327
2026-02-02 01:27:40,1769992060,2.0,0,0,0,43.612
2026-02-02 01:27:59,1769992079,2.0,0,0,0,43.896
2026-02-02 01:28:20,1769992100,2.0,0,0,0,44.181
2026-02-02 01:28:39,1769992119,2.0,0,0,0,44.465
2026-02-02 01:29:00,1769992140,2.0,0,0,0,44.75
2026-02-02 01:29:19,1769992159,2.0,0,0,0,45.034
2026-02-02 01:29:39,1769992179,2.0,0,0,0,45.318
2026-02-02 01:30:00,1769992200,2.0,0,0,0,45.603
2026-02-02 01:30:19,1769992219,2.0,0,0,0,45.887
2026-02-02 01:30:40,1769992240,2.0,0,0,0,46.172
2026-02-02 01:30:59,1769992259,2.0,0,0,0,46.456
2026-02-02 01:31:20,1769992280,2.0,0,0,0,46.741
2026-02-02 01:31:39,1769992299,2.0,0,0,0,47.025
2026-02-02 01:32:00,1769992320,2.0,0,0,0,47.31
2026-02-02 01:32:19,1769992339,2.0,0,0,0,47.594
2026-02-02 01:32:40,1769992360,2.0,0,0,0,47.879
2026-02-02 01:32:59,1769992379,2.0,0,0,0,48.163
2026-02-02 01:33:20,1769992400,2.0,0,0,0,48.448
2026-02-02 01:33:39,1769992419,2.0,0,0,0,48.732
2026-02-02 01:34:00,1769992440,2.0,0,0,0,49.017
2026-02-02 01:34:19,1769992459,2.0,0,0,0,49.301
2026-02-02 01:34:40,1769992480,2.0,0,0,0,49.586
2026-02-02 01:34:59,1769992499,2.0,0,0,0,49.87
2026-02-02 01:35:20,1769992520,2.0,0,0,0,50.155
2026-02-02 01:35:39,1769992539,2.0,0,0,0,50.439
2026-02-02 01:36:00,1769992560,2.0,0,0,0,50.724
2026-02-02 01:36:19,1769992579,2.0,0,0,0,51.008
2026-02-02 01:36:40,1769992600,2.0,0,0,0,51.293
2026-02-02 01:37:00,1769992620,2.0,0,0,0,51.577
2026-02-02 01:37:19,1769992639,2.0,0,0,0,51.861
2026-02-02 01:37:40,1769992660,2.0,0,0,0,52.146
2026-02-02 01:37:59,1769992679,2.0,0,0,0,52.43
2026-02-02 01:38:20,1769992700,2.0,0,0,0,52.715
2026-02-02 01:38:39,1769992719,2.0,0,0,0,52.999
2026-02-02 01:39:00,1769992740,2.0,0,0,0,53.284
2026-02-02 01:39:19,1769992759,2.0,0,0,0,53.568
2026-02-02 01:39:40,1769992780,2.0,0,0,0,53.853
2026-02-02 01:39:59,1769992799,2.0,0,0,0,54.137
2026-02-02 01:40:20,1769992820,2.0,0,0,0,54.422
2026-02-02 01:40:39,1769992839,2.0,0,0,0,54.706
2026-02-02 01:41:00,1769992860,2.0,0,0,0,54.991
2026-02-02 01:41:19,1769992879,2.0,0,0,0,55.275
2026-02-02 01:41:40,1769992900,2.0,0,0,0,55.56
2026-02-02 01:41:59,1769992919,2.0,0,0,0,55.844
2026-02-02 01:42:20,1769992940,2.0,0,0,0,56.129
2026-02-02 01:42:39,1769992959,2.0,0,0,0,56.413
2026-02-02 01:43:00,1769992980,2.0,0,0,0,56.698
2026-02-02 01:43:19,1769992999,2.0,0,0,0,56.982
2026-02-02 01:43:40,1769993020,2.0,0,0,0,57.267
2026-02-02 01:43:59,1769993039,2.0,0,0,0,57.551
2026-02-02 01:44:19,1769993059,2.0,0,0,0,57.835
2026-02-02 01:44:40,1769993080,2.0,0,0,0,58.12
2026-02-02 01:44:59,1769993099,2.0,0,0,0,58.404
2026-02-02 01:45:20,1769993120,2.0,0,0,0,58.689
2026-02-02 01:45:39,1769993139,2.0,0,0,0,58.973
2026-02-02 01:46:00,1769993160,2.0,0,0,0,59.258
2026-02-02 01:46:19,1769993179,2.0,0,0,0,59.542
2026-02-02 01:46:40,1769993200,2.0,0,0,0,59.827
2026-02-02 01:46:59,1769993219,2.0,0,0,0,60.111
2026-02-02 01:47:20,1769993240,2.0,0,0,0,60.396
2026-02-02 01:47:39,1769993259,2.0,0,0,0,60.68
2026-02-02 01:48:00,1769993280,2.0,0,0,0,60.965
2026-02-02 01:48:19,1769993299,2.0,0,0,0,61.249
2026-02-02 01:48:40,1769993320,2.0,0,0,0,61.534
2026-02-02 01:48:59,1769993339,2.0,0,0,0,61.818
2026-02-02 01:49:20,1769993360,2.0,0,0,0,62.103
2026-02-02 01:49:39,1769993379,2.0,0,0,0,62.387
2026-02-02 01:50:00,1769993400,2.0,0,0,0,62.672
2026-02-02 01:50:19,1769993419,2.0,0,0,0,62.956
2026-02-02 01:50:40,1769993440,2.0,0,0,0,63.241
2026-02-02 01:50:59,1769993459,2.0,0,0,0,63.525
2026-02-02 01:51:20,1769993480,2.0,0,0,0,63.81
2026-02-02 01:51:39,1769993499,2.0,0,0,0,64.094
2026-02-02 01:51:59,1769993519,2.0,0,0,0,64.378
2026-02-02 01:52:20,1769993540,2.0,0,0,0,64.663
2026-02-02 01:52:39,1769993559,2.0,0,0,0,64.947
2026-02-02 01:53:00,1769993580,2.0,0,0,0,65.232
2026-02-02 01:53:19,1769993599,2.0,0,0,0,65.516
2026-02-02 01:53:40,1769993620,2.0,0,0,0,65.801
2026-02-02 01:53:59,1769993639,2.0,0,0,0,66.085
2026-02-02 01:54:20,1769993660,2.0,0,0,0,66.37
2026-02-02 01:54:39,1769993679,2.0,0,0,0,66.654
2026-02-02 01:55:00,1769993700,2.0,0,0,0,66.939
2026-02-02 01:55:19,1769993719,2.0,0,0,0,67.223
2026-02-02 01:55:40,1769993740,2.0,0,0,0,67.508
2026-02-02 01:55:59,1769993759,2.0,0,0,0,67.792
2026-02-02 01:56:20,1769993780,2.0,0,0,0,68.077
2026-02-02 01:56:39,1769993799,2.0,0,0,0,68.361
2026-02-02 01:57:00,1769993820,2.0,0,0,0,68.646
2026-02-02 01:57:19,1769993839,2.0,0,0,0,68.93
2026-02-02 01:57:40,1769993860,2.0,0,0,0,69.215
2026-02-02 01:57:59,1769993879,2.0,0,0,0,69.499
2026-02-02 01:58:20,1769993900,2.0,0,0,0,69.784
2026-02-02 01:58:39,1769993919,2.0,0,0,0,70.068
2026-02-02 01:59:00,1769993940,2.0,0,0,0,70.353
2026-02-02 01:59:20,1769993960,2.0,0,0,0,70.637
2026-02-02 01:59:39,1769993979,2.0,0,0,0,70.921
2026-02-02 02:00:00,1769994000,2.0,0,0,0,71.206
2026-02-02 02:00:19,1769994019,2.0,0,0,0,71.49
2026-02-02 02:00:40,1769994040,2.0,0,0,0,71.775
2026-02-02 02:00:59,1769994059,2.0,0,0,0,72.059
2026-02-02 02:01:20,1769994080,2.0,0,0,0,72.344
2026-02-02 02:01:39,1769994099,2.0,0,0,0,72.628
2026-02-02 02:02:00,1769994120,2.0,0,0,0,72.913
2026-02-02 02:02:19,1769994139,2.0,0,0,0,73.197
2026-02-02 02:02:40,1769994160,2.0,0,0,0,73.482
2026-02-02 02:02:59,1769994179,2.0,0,0,0,73.766
2026-02-02 02:03:20,1769994200,2.0,0,0,0,74.051
2026-02-02 02:03:39,1769994219,2.0,0,0,0,74.335
2026-02-02 02:04:00,1769994240,2.0,0,0,0,74.62
2026-02-02 02:04:19,1769994259,2.0,0,0,0,74.904
2026-02-02 02:04:40,1769994280,2.0,0,0,0,75.189
2026-02-02 02:04:59,1769994299,2.0,0,0,0,75.473
2026-02-02 02:05:20,1769994320,2.0,0,0,0,75.758
2026-02-02 02:05:39,1769994339,2.0,0,0,0,76.042
2026-02-02 02:06:00,1769994360,2.0,0,0,0,76.327
2026-02-02 02:06:19,1769994379,2.0,0,0,0,76.611
2026-02-02 02:06:39,1769994399,2.0,0,0,0,76.895
2026-02-02 02:07:00,1769994420,2.0,0,0,0,77.18
2026-02-02 02:07:19,1769994439,2.0,0,0,0,77.464
2026-02-02 02:07:40,1769994460,2.0,0,0,0,77.749
2026-02-02 02:07:59,1769994479,2.0,0,0,0,78.033
2026-02-02 02:08:20,1769994500,2.0,0,0,0,78.318
2026-02-02 02:08:39,1769994519,2.0,0,0,0,78.602
2026-02-02 02:09:00,1769994540,2.0,0,0,0,78.887
2026-02-02 02:09:19,1769994559,2.0,0,0,0,79.171
2026-02-02 02:09:40,1769994580,2.0,0,0,0,79.456
2026-02-02 02:09:59,1769994599,2.0,0,0,0,79.74
2026-02-02 02:10:20,1769994620,2.0,0,0,0,80.025
2026-02-02 02:10:39,1769994639,2.0,0,0,0,80.309
2026-02-02 02:11:00,1769994660,2.0,0,0,0,80.594
2026-02-02 02:11:19,1769994679,2.0,0,0,0,80.878
2026-02-02 02:11:40,1769994700,2.0,0,0,0,81.163
2026-02-02 02:11:59,1769994719,2.0,0,0,0,81.447
2026-02-02 02:12:20,1769994740,2.0,0,0,0,81.732
2026-02-02 02:12:39,1769994759,2.0,0,0,0,82.016
2026-02-02 02:13:00,1769994780,2.0,0,0,0,82.301
2026-02-02 02:13:19,1769994799,2.0,0,0,0,82.585
2026-02-02 02:13:40,1769994820,2.0,0,0,0,82.87
2026-02-02 02:14:00,1769994840,2.0,0,0,0,83.154
2026-02-02 02:14:19,1769994859,2.0,0,0,0,83.438
2026-02-02 02:14:40,1769994880,2.0,0,0,0,83.723
2026-02-02 02:14:59,1769994899,2.0,0,0,0,84.007
2026-02-02 02:15:20,1769994920,2.0,0,0,0,84.292
2026-02-02 02:15:39,1769994939,2.0,0,0,0,84.576
2026-02-02 02:16:00,1769994960,2.0,0,0,0,84.861
2026-02-02 02:16:19,1769994979,2.0,0,0,0,85.145
2026-02-02 02:16:40,1769995000,2.0,0,0,0,85.43
2026-02-02 02:16:59,1769995019,2.0,0,0,0,85.714
2026-02-02 02:17:20,1769995040,2.0,0,0,0,85.999
2026-02-02 02:17:39,1769995059,2.0,0,0,0,86.283
2026-02-02 02:18:00,1769995080,2.0,0,0,0,86.568
2026-02-02 02:18:19,1769995099,2.0,0,0,0,86.852
2026-02-02 02:18:40,1769995120,2.0,0,0,0,87.137
2026-02-02 02:18:59,1769995139,2.0,0,0,0,87.421
2026-02-02 02:19:20,1769995160,2.0,0,0,0,87.706
2026-02-02 02:19:39,1769995179,2.0,0,0,0,87.99
2026-02-02 02:20:00,1769995200,2.0,0,0,0,88.275
2026-02-02 02:20:19,1769995219,2.0,0,0,0,88.559
2026-02-02 02:20:40,1769995240,2.0,0,0,0,88.844
2026-02-02 02:20:59,1769995259,2.0,0,0,0,89.128
2026-02-02 02:21:19,1769995279,2.0,0,0,0,89.412
2026-02-02 02:21:40,1769995300,2.0,0,0,0,89.697
2026-02-02 02:21:59,1769995319,2.0,0,0,0,89.981
2026-02-02 02:22:20,1769995340,2.0,0,0,0,90.266
2026-02-02 02:22:39,1769995359,2.0,0,0,0,90.55
2026-02-02 02:23:00,1769995380,2.0,0,0,0,90.835
2026-02-02 02:23:19,1769995399,2.0,0,0,0,91.119
2026-02-02 02:23:40,1769995420,2.0,0,0,0,91.404
2026-02-02 02:23:59,1769995439,2.0,0,0,0,91.688
2026-02-02 02:24:20,1769995460,2.0,0,0,0,91.973
2026-02-02 02:24:39,1769995479,2.0,0,0,0,92.257
2026-02-02 02:25:00,1769995500,2.0,0,0,0,92.542
2026-02-02 02:25:19,1769995519,2.0,0,0,0,92.826
2026-02-02 02:25:40,1769995540,2.0,0,0,0,93.111
2026-02-02 02:25:59,1769995559,2.0,0,0,0,93.395
2026-02-02 02:26:20,1769995580,2.0,0,0,0,93.68
2026-02-02 02:26:39,1769995599,2.0,0,0,0,93.964
2026-02-02 02:27:00,1769995620,2.0,0,0,0,94.249
2026-02-02 02:27:19,1769995639,2.0,0,0,0,94.533
2026-02-02 02:27:40,1769995660,2.0,0,0,0,94.818
2026-02-02 02:27:59,1769995679,2.0,0,0,0,95.102
2026-02-02 02:28:20,1769995700,2.0,0,0,0,95.387
2026-02-02 02:28:40,1769995720,2.0,0,0,0,95.671
2026-02-02 02:28:59,1769995739,2.0,0,0,0,95.955
2026-02-02 02:29:20,1769995760,2.0,0,0,0,96.24
2026-02-02 02:29:39,1769995779,2.0,0,0,0,96.524
2026-02-02 02:30:00,1769995800,2.0,0,0,0,96.809
2026-02-02 02:30:19,1769995819,2.0,0,0,0,97.093
2026-02-02 02:30:40,1769995840,2.0,0,0,0,97.378
2026-02-02 02:30:59,1769995859,2.0,0,0,0,97.662
2026-02-02 02:31:20,1769995880,2.0,0,0,0,97.947
2026-02-02 02:31:39,1769995899,2.0,0,0,0,98.231
2026-02-02 02:32:00,1769995920,2.0,0,0,0,98.516
2026-02-02 02:32:19,1769995939,2.0,0,0,0,98.8
2026-02-02 02:32:40,1769995960,2.0,0,0,0,99.085
2026-02-02 02:32:59,1769995979,2.0,0,0,0,99.369
2026-02-02 02:33:20,1769996000,2.0,0,0,0,99.654
2026-02-02 02:33:39,1769996019,2.0,0,0,0,99.938
2026-02-02 02:34:00,1769996040,2.0,0,0,0,100.223
2026-02-02 02:34:19,1769996059,2.0,0,0,0,100.507
2026-02-02 02:34:40,1769996080,2.0,0,0,0,100.792
2026-02-02 02:34:59,1769996099,2.0,0,0,0,101.076
2026-02-02 02:35:20,1769996120,2.0,0,0,0,101.361
2026-02-02 02:35:39,1769996139,2.0,0,0,0,101.645
2026-02-02 02:35:59,1769996159,2.0,0,0,0,101.929
2026-02-02 02:36:20,1769996180,2.0,0,0,0,102.214
2026-02-02 02:36:39,1769996199,2.0,0,0,0,102.498
2026-02-02 02:37:00,1769996220,2.0,0,0,0,102.783
2026-02-02 02:37:19,1769996239,2.0,0,0,0,103.067
2026-02-02 02:37:40,1769996260,2.0,0,0,0,103.352
2026-02-02 02:37:59,1769996279,2.0,0,0,0,103.636
2026-02-02 02:38:20,1769996300,2.0,0,0,0,103.921
2026-02-02 02:38:39,1769996319,2.0,0,0,0,104.205
2026-02-02 02:39:00,1769996340,2.0,0,0,0,104.49
2026-02-02 02:39:19,1769996359,2.0,0,0,0,104.774
2026-02-02 02:39:40,1769996380,2.0,0,0,0,105.059
2026-02-02 02:39:59,1769996399,2.0,0,0,0,105.343
2026-02-02 02:40:20,1769996420,2.0,0,0,0,105.628
2026-02-02 02:40:39,1769996439,2.0,0,0,0,105.912
2026-02-02 02:41:00,1769996460,2.0,0,0,0,106.197
2026-02-02 02:41:19,1769996479,2.0,0,0,0,106.481
2026-02-02 02:41:40,1769996500,2.0,0,0,0,106.766
2026-02-02 02:41:59,1769996519,2.0,0,0,0,107.05
2026-02-02 02:42:20,1769996540,2.0,0,0,0,107.335
2026-02-02 02:42:39,1769996559,2.0,0,0,0,107.619
2026-02-02 02:43:00,1769996580,2.0,0,0,0,107.904
2026-02-02 02:43:19,1769996599,2.0,0,0,0,108.188
2026-02-02 02:43:39,1769996619,2.0,0,0,0,108.472
2026-02-02 02:44:00,1769996640,2.0,0,0,0,108.757
2026-02-02 02:44:19,1769996659,2.0,0,0,0,109.041
2026-02-02 02:44:40,1769996680,2.0,0,0,0,109.326
2026-02-02 02:44:59,1769996699,2.0,0,0,0,109.61
2026-02-02 02:45:20,1769996720,2.0,0,0,0,109.895
2026-02-02 02:45:39,1769996739,2.0,0,0,0,110.179
2026-02-02 02:46:00,1769996760,2.0,0,0,0,110.464
2026-02-02 02:46:19,1769996779,2.0,0,0,0,110.748
2026-02-02 02:46:40,1769996800,2.0,0,0,0,111.033
2026-02-02 02:46:59,1769996819,2.0,0,0,0,111.317
2026-02-02 02:47:20,1769996840,2.0,0,0,0,111.602
2026-02-02 02:47:39,1769996859,2.0,0,0,0,111.886
2026-02-02 02:48:00,1769996880,2.0,0,0,0,112.171
2026-02-02 02:48:19,1769996899,2.0,0,0,0,112.455
2026-02-02 02:48:40,1769996920,2.0,0,0,0,112.74
2026-02-02 02:48:59,1769996939,2.0,0,0,0,113.024
2026-02-02 02:49:20,1769996960,2.0,0,0,0,113.309
2026-02-02 02:49:39,1769996979,2.0,0,0,0,113.593
2026-02-02 02:50:00,1769997000,2.0,0,0,0,113.878
2026-02-02 02:50:19,1769997019,2.0,0,0,0,114.162
2026-02-02 02:50:40,1769997040,2.0,0,0,0,114.447
2026-02-02 02:51:00,1769997060,2.0,0,0,0,114.731
2026-02-02 02:51:19,1769997079,2.0,0,0,0,115.015
2026-02-02 02:51:40,1769997100,2.0,0,0,0,115.3
2026-02-02 02:51:59,1769997119,2.0,0,0,0,115.584
2026-02-02 02:52:20,1769997140,2.0,0,0,0,115.869
2026-02-02 02:52:39,1769997159,2.0,0,0,0,116.153
2026-02-02 02:53:00,1769997180,2.0,0,0,0,116.438
2026-02-02 02:53:19,1769997199,2.0,0,0,0,116.722
2026-02-02 02:53:40,1769997220,2.0,0,0,0,117.007
2026-02-02 02:53:59,1769997239,2.0,0,0,0,117.291
2026-02-02 02:54:20,1769997260,2.0,0,0,0,117.576
2026-02-02 02:54:39,1769997279,2.0,0,0,0,117.86
2026-02-02 02:55:00,1769997300,2.0,0,0,0,118.145
2026-02-02 02:55:19,1769997319,2.0,0,0,0,118.429
2026-02-02 02:55:40,1769997340,2.0,0,0,0,118.714
2026-02-02 02:55:59,1769997359,2.0,0,0,0,118.998
2026-02-02 02:56:20,1769997380,2.0,0,0,0,119.283
2026-02-02 02:56:39,1769997399,2.0,0,0,0,119.567
2026-02-02 02:57:00,1769997420,2.0,0,0,0,119.852
2026-02-02 02:57:19,1769997439,2.0,0,0,0,120.136
2026-02-02 02:57:40,1769997460,2.0,0,0,0,120.421
2026-02-02 02:57:59,1769997479,2.0,0,0,0,120.705
2026-02-02 02:58:19,1769997499,2.0,0,0,0,120.989
2026-02-02 02:58:40,1769997520,2.0,0,0,0,121.274
2026-02-02 02:58:59,1769997539,2.0,0,0,0,121.558
2026-02-02 02:59:20,1769997560,2.0,0,0,0,121.843
2026-02-02 02:59:39,1769997579,2.0,0,0,0,122.127
2026-02-02 03:00:00,1769997600,2.0,0,0,0,122.412
2026-02-02 03:00:19,1769997619,2.0,0,0,0,122.696
2026-02-02 03:00:40,1769997640,2.0,0,0,0,122.981
2026-02-02 03:00:59,1769997659,2.0,0,0,0,123.265
2026-02-02 03:01:20,1769997680,2.0,0,0,0,123.55
2026-02-02 03:01:39,1769997699,2.0,0,0,0,123.834
2026-02-02 03:02:00,1769997720,2.0,0,0,0,124.119
2026-02-02 03:02:19,1769997739,2.0,0,0,0,124.403
2026-02-02 03:02:40,1769997760,2.0,0,0,0,124.688
2026-02-02 03:02:59,1769997779,2.0,0,0,0,124.972
2026-02-02 03:03:20,1769997800,2.0,0,0,0,125.257
2026-02-02 03:03:39,1769997819,2.0,0,0,0,125.541
2026-02-02 03:04:00,1769997840,2.0,0,0,0,125.826
2026-02-02 03:04:19,1769997859,2.0,0,0,0,126.11
2026-02-02 03:04:40,1769997880,2.0,0,0,0,126.395
2026-02-02 03:04:59,1769997899,2.0,0,0,0,126.679
2026-02-02 03:05:20,1769997920,2.0,0,0,0,126.964
2026-02-02 03:05:40,1769997940,2.0,0,0,0,127.248
2026-02-02 03:05:59,1769997959,2.0,0,0,0,127.532
2026-02-02 03:06:20,1769997980,2.0,0,0,0,127.817
2026-02-02 03:06:39,1769997999,2.0,0,0,0,128.101
2026-02-02 03:07:00,1769998020,2.0,0,0,0,128.386
2026-02-02 03:07:19,1769998039,2.0,0,0,0,128.67
2026-02-02 03:07:40,1769998060,2.0,0,0,0,128.955
2026-02-02 03:07:59,1769998079,2.0,0,0,0,129.239
2026-02-02 03:08:20,1769998100,2.0,0,0,0,129.524
2026-02-02 03:08:39,1769998119,2.0,0,0,0,129.808
2026-02-02 03:09:00,1769998140,2.0,0,0,0,130.093
2026-02-02 03:09:19,1769998159,2.0,0,0,0,130.377
2026-02-02 03:09:40,1769998180,2.0,0,0,0,130.662
2026-02-02 03:09:59,1769998199,2.0,0,0,0,130.946
2026-02-02 03:10:20,1769998220,2.0,0,0,0,131.231
2026-02-02 03:10:39,1769998239,2.0,0,0,0,131.515
2026-02-02 03:11:00,1769998260,2.0,0,0,0,131.8
2026-02-02 03:11:19,1769998279,2.0,0,0,0,132.084
2026-02-02 03:11:40,1769998300,2.0,0,0,0,132.369
2026-02-02 03:11:59,1769998319,2.0,0,0,0,132.653
2026-02-02 03:12:20,1769998340,2.0,0,0,0,132.938
2026-02-02 03:12:39,1769998359,2.0,0,0,0,133.222
2026-02-02 03:12:59,1769998379,2.0,0,0,0,133.506
2026-02-02 03:13:20,1769998400,2.0,0,0,0,133.791
2026-02-02 03:13:39,1769998419,2.0,0,0,0,134.075
2026-02-02 03:14:00,1769998440,2.0,0,0,0,134.36
2026-02-02 03:14:19,1769998459,2.0,0,0,0,134.644
2026-02-02 03:14:40,1769998480,2.0,0,0,0,134.929
2026-02-02 03:14:59,1769998499,2.0,0,0,0,135.213
2026-02-02 03:15:20,1769998520,2.0,0,0,0,135.498
2026-02-02 03:15:39,1769998539,2.0,0,0,0,135.782
2026-02-02 03:16:00,1769998560,2.0,0,0,0,136.067
2026-02-02 03:16:19,1769998579,2.0,0,0,0,136.351
2026-02-02 03:16:40,1769998600,2.0,0,0,0,136.636
2026-02-02 03:16:59,1769998619,2.0,0,0,0,136.92
2026-02-02 03:17:20,1769998640,2.0,0,0,0,137.205
2026-02-02 03:17:39,1769998659,2.0,0,0,0,137.489
2026-02-02 03:18:00,1769998680,2.0,0,0,0,137.774
2026-02-02 03:18:19,1769998699,2.0,0,0,0,138.058
2026-02-02 03:18:40,1769998720,2.0,0,0,0,138.343
2026-02-02 03:18:59,1769998739,2.0,0,0,0,138.627
2026-02-02 03:19:20,1769998760,2.0,0,0,0,138.912
2026-02-02 03:19:39,1769998779,2.0,0,0,0,139.196
2026-02-02 03:20:00,1769998800,2.0,0,0,0,139.481
2026-02-02 03:20:20,1769998820,2.0,0,0,0,139.765
2026-02-02 03:20:39,1769998839,2.0,0,0,0,140.049
2026-02-02 03:21:00,1769998860,2.0,0,0,0,140.334
2026-02-02 03:21:19,1769998879,2.0,0,0,0,140.618
2026-02-02 03:21:40,1769998900,2.0,0,0,0,140.903
2026-02-02 03:21:59,1769998919,2.0,0,0,0,141.187
2026-02-02 03:22:20,1769998940,2.0,0,0,0,141.472
2026-02-02 03:22:39,1769998959,2.0,0,0,0,141.756
2026-02-02 03:23:00,1769998980,2.0,0,0,0,142.041
2026-02-02 03:23:19,1769998999,2.0,0,0,0,142.325
2026-02-02 03:23:40,1769999020,2.0,0,0,0,142.61
2026-02-02 03:23:59,1769999039,2.0,0,0,0,142.894
2026-02-02 03:24:20,1769999060,2.0,0,0,0,143.179
2026-02-02 03:24:39,1769999079,2.0,0,0,0,143.463
2026-02-02 03:25:00,1769999100,2.0,0,0,0,143.748
2026-02-02 03:25:19,1769999119,2.0,0,0,0,144.032
2026-02-02 03:25:40,1769999140,2.0,0,0,0,144.317
2026-02-02 03:25:59,1769999159,2.0,0,0,0,144.601
2026-02-02 03:26:20,1769999180,2.0,0,0,0,144.886
2026-02-02 03:26:39,1769999199,2.0,0,0,0,145.17
2026-02-02 03:27:00,1769999220,2.0,0,0,0,145.455
2026-02-02 03:27:19,1769999239,2.0,0,0,0,145.739
2026-02-02 03:27:40,1769999260,2.0,0,0,0,146.024
2026-02-02 03:28:00,1769999280,2.0,0,0,0,146.308
2026-02-02 03:28:19,1769999299,2.0,0,0,0,146.592
2026-02-02 03:28:40,1769999320,2.0,0,0,0,146.877
2026-02-02 03:28:59,1769999339,2.0,0,0,0,147.161
2026-02-02 03:29:20,1769999360,2.0,0,0,0,147.446
2026-02-02 03:29:39,1769999379,2.0,0,0,0,147.73
2026-02-02 03:30:00,1769999400,2.0,0,0,0,148.015
2026-02-02 03:30:19,1769999419,2.0,0,0,0,148.299
2026-02-02 03:30:40,1769999440,2.0,0,0,0,148.584
2026-02-02 03:30:59,1769999459,2.0,0,0,0,148.868
2026-02-02 03:31:20,1769999480,2.0,0,0,0,149.153
2026-02-02 03:31:39,1769999499,2.0,0,0,0,149.437
2026-02-02 03:32:00,1769999520,2.0,0,0,0,149.722
2026-02-02 03:32:19,1769999539,2.0,0,0,0,150.006
2026-02-02 03:32:40,1769999560,2.0,0,0,0,150.291
2026-02-02 03:32:59,1769999579,2.0,0,0,0,150.575
2026-02-02 03:33:20,1769999600,2.0,0,0,0,150.86
2026-02-02 03:33:39,1769999619,2.0,0,0,0,151.144
2026-02-02 03:34:00,1769999640,2.0,0,0,0,151.429
2026-02-02 03:34:19,1769999659,2.0,0,0,0,151.713
2026-02-02 03:34:40,1769999680,2.0,0,0,0,151.998
2026-02-02 03:34:59,1769999699,2.0,0,0,0,152.282
2026-02-02 03:35:19,1769999719,2.0,0,0,0,152.566
2026-02-02 03:35:40,1769999740,2.0,0,0,0,152.851
2026-02-02 03:35:59,1769999759,2.0,0,0,0,153.135
2026-02-02 03:36:20,1769999780,2.0,0,0,0,153.42
2026-02-02 03:36:39,1769999799,2.0,0,0,0,153.704
2026-02-02 03:37:00,1769999820,2.0,0,0,0,153.989
2026-02-02 03:37:19,1769999839,2.0,0,0,0,154.273
2026-02-02 03:37:40,1769999860,2.0,0,0,0,154.558
2026-02-02 03:37:59,1769999879,2.0,0,0,0,154.842
2026-02-02 03:38:20,1769999900,2.0,0,0,0,155.127
2026-02-02 03:38:39,1769999919,2.0,0,0,0,155.411
2026-02-02 03:39:00,1769999940,2.0,0,0,0,155.696
2026-02-02 03:39:19,1769999959,2.0,0,0,0,155.98
2026-02-02 03:39:40,1769999980,2.0,0,0,0,156.265
2026-02-02 03:39:59,1769999999,2.0,0,0,0,156.549
2026-02-02 03:40:20,1770000020,2.0,0,0,0,156.834
2026-02-02 03:40:39,1770000039,2.0,0,0,0,157.118
2026-02-02 03:41:00,1770000060,2.0,0,0,0,157.403
2026-02-02 03:41:19,1770000079,2.0,0,0,0,157.687
2026-02-02 03:41:40,1770000100,2.0,0,0,0,157.972
2026-02-02 03:41:59,1770000119,2.0,0,0,0,158.256
2026-02-02 03:42:20,1770000140,2.0,0,0,0,158.541
2026-02-02 03:42:40,1770000160,2.0,0,0,0,158.825
2026-02-02 03:42:59,1770000179,2.0,0,0,0,159.109
2026-02-02 03:43:20,1770000200,2.0,0,0,0,159.394
2026-02-02 03:43:39,1770000219,2.0,0,0,0,159.678
2026-02-02 03:44:00,1770000240,2.0,0,0,0,159.963
2026-02-02 03:44:19,1770000259,2.0,0,0,0,160.247
2026-02-02 03:44:40,1770000280,2.0,0,0,0,160.532
2026-02-02 03:44:59,1770000299,2.0,0,0,0,160.816
2026-02-02 03:45:20,1770000320,2.0,0,0,0,161.101
2026-02-02 03:45:39,1770000339,2.0,0,0,0,161.385
2026-02-02 03:46:00,1770000360,2.0,0,0,0,161.67
2026-02-02 03:46:19,1770000379,2.0,0,0,0,161.954
2026-02-02 03:46:40,1770000400,2.0,0,0,0,162.239
2026-02-02 03:46:59,1770000419,2.0,0,0,0,162.523
2026-02-02 03:47:20,1770000440,2.0,0,0,0,162.808
2026-02-02 03:47:39,1770000459,2.0,0,0,0,163.092
2026-02-02 03:48:00,1770000480,2.0,0,0,0,163.377
2026-02-02 03:48:19,1770000499,2.0,0,0,0,163.661
2026-02-02 03:48:40,1770000520,2.0,0,0,0,163.946
2026-02-02 03:48:59,1770000539,2.0,0,0,0,164.23
2026-02-02 03:49:20,1770000560,2.0,0,0,0,164.515
2026-02-02 03:49:39,1770000579,2.0,0,0,0,164.799
2026-02-02 03:49:59,1770000599,2.0,0,0,0,165.083
2026-02-02 03:50:20,1770000620,2.0,0,0,0,165.368
2026-02-02 03:50:39,1770000639,3.0,0,0,0,165.652
2026-02-02 03:51:00,1770000660,3.0,0,0,0,165.937
2026-02-02 03:51:19,1770000679,3.0,0,0,0,166.221
2026-02-02 03:51:40,1770000700,3.0,0,0,0,166.506
2026-02-02 03:51:59,1770000719,3.0,0,0,0,166.79
2026-02-02 03:52:20,1770000740,3.0,0,0,0,167.075
2026-02-02 03:52:39,1770000759,3.0,0,0,0,167.359
2026-02-02 03:53:00,1770000780,3.0,0,0,0,167.644
2026-02-02 03:53:19,1770000799,3.0,0,0,0,167.928
2026-02-02 03:53:40,1770000820,3.0,0,0,0,168.213
2026-02-02 03:53:59,1770000839,3.0,0,0,0,168.497
2026-02-02 03:54:20,1770000860,3.0,0,0,0,168.782
2026-02-02 03:54:39,1770000879,3.0,0,0,0,169.066
2026-02-02 03:55:00,1770000900,3.0,0,0,0,169.351
2026-02-02 03:55:19,1770000919,3.0,0,0,0,169.635
2026-02-02 03:55:40,1770000940,3.0,0,0,0,169.92
2026-02-02 03:55:59,1770000959,3.0,0,0,0,170.204
2026-02-02 03:56:20,1770000980,3.0,0,0,0,170.489
2026-02-02 03:56:39,1770000999,3.0,0,0,0,170.773
2026-02-02 03:57:00,1770001020,3.0,0,0,0,171.058
2026-02-02 03:57:20,1770001040,3.0,0,0,0,171.342
2026-02-02 03:57:39,1770001059,3.0,0,0,0,171.626
2026-02-02 03:58:00,1770001080,3.0,0,0,0,171.911
2026-02-02 03:58:19,1770001099,3.0,0,0,0,172.195
2026-02-02 03:58:40,1770001120,3.0,0,0,0,172.48
2026-02-02 03:58:59,1770001139,3.0,0,0,0,172.764
2026-02-02 03:59:20,1770001160,3.0,0,0,0,173.049
2026-02-02 03:59:39,1770001179,3.0,0,0,0,173.333
2026-02-02 04:00:00,1770001200,3.0,0,0,0,173.618
2026-02-02 04:00:19,1770001219,3.0,0,0,0,173.902
2026-02-02 04:00:40,1770001240,3.0,0,0,0,174.187
2026-02-02 04:00:59,1770001259,3.0,0,0,0,174.471
2026-02-02 04:01:20,1770001280,3.0,0,0,0,174.756
2026-02-02 04:01:39,1770001299,3.0,0,0,0,175.04
2026-02-02 04:02:00,1770001320,3.0,0,0,0,175.325
2026-02-02 04:02:19,1770001339,3.0,0,0,0,175.609
2026-02-02 04:02:40,1770001360,3.0,0,0,0,175.894
2026-02-02 04:02:59,1770001379,3.0,0,0,0,176.178
2026-02-02 04:03:20,1770001400,3.0,0,0,0,176.463
2026-02-02 04:03:39,1770001419,2.0,0,0,0,176.747
2026-02-02 04:04:00,1770001440,2.0,0,0,0,177.032
2026-02-02 04:04:19,1770001459,2.0,0,0,0,177.316
2026-02-02 04:04:39,1770001479,2.0,0,0,0,177.6
2026-02-02 04:05:00,1770001500,2.0,0,0,0,177.885
2026-02-02 04:05:19,1770001519,2.0,0,0,0,178.169
2026-02-02 04:05:40,1770001540,2.0,0,0,0,178.454
2026-02-02 04:05:59,1770001559,2.0,0,0,0,178.738
2026-02-02 04:06:20,1770001580,2.0,0,0,0,179.023
2026-02-02 04:06:39,1770001599,2.0,0,0,0,179.307
2026-02-02 04:07:00,1770001620,2.0,0,0,0,179.592
2026-02-02 04:07:19,1770001639,2.0,0,0,0,179.876
2026-02-02 04:07:40,1770001660,2.0,0,0,0,180.161
2026-02-02 04:07:59,1770001679,2.0,0,0,0,180.445
2026-02-02 04:08:20,1770001700,2.0,0,0,0,180.73
2026-02-02 04:08:39,1770001719,2.0,0,0,0,181.014
2026-02-02 04:09:00,1770001740,2.0,0,0,0,181.299
2026-02-02 04:09:19,1770001759,2.0,0,0,0,181.583
2026-02-02 04:09:40,1770001780,2.0,0,0,0,181.868
2026-02-02 04:09:59,1770001799,2.0,0,0,0,182.152
2026-02-02 04:10:20,1770001820,2.0,0,0,0,182.437
2026-02-02 04:10:39,1770001839,2.0,0,0,0,182.721
2026-02-02 04:11:00,1770001860,2.0,0,0,0,183.006
2026-02-02 04:11:19,1770001879,2.0,0,0,0,183.29
2026-02-02 04:11:40,1770001900,2.0,0,0,0,183.575
2026-02-02 04:12:00,1770001920,2.0,0,0,0,183.859
2026-02-02 04:12:19,1770001939,2.0,0,0,0,184.143
2026-02-02 04:12:40,1770001960,2.0,0,0,0,184.428
2026-02-02 04:12:59,1770001979,2.0,0,0,0,184.712
2026-02-02 04:13:20,1770002000,2.0,0,0,0,184.997
2026-02-02 04:13:39,1770002019,2.0,0,0,0,185.281
2026-02-02 04:14:00,1770002040,2.0,0,0,0,185.566
2026-02-02 04:14:19,1770002059,2.0,0,0,0,185.85
2026-02-02 04:14:40,1770002080,2.0,0,0,0,186.135
2026-02-02 04:14:59,1770002099,2.0,0,0,0,186.419
2026-02-02 04:15:20,1770002120,2.0,0,0,0,186.704
2026-02-02 04:15:39,1770002139,2.0,0,0,0,186.988
2026-02-02 04:16:00,1770002160,2.0,0,0,0,187.273
2026-02-02 04:16:19,1770002179,2.0,0,0,0,187.557
2026-02-02 04:16:40,1770002200,2.0,0,0,0,187.842
2026-02-02 04:16:59,1770002219,2.0,0,0,0,188.126
2026-02-02 04:17:20,1770002240,2.0,0,0,0,188.411
2026-02-02 04:17:39,1770002259,2.0,0,0,0,188.695
2026-02-02 04:18:00,1770002280,2.0,0,0,0,188.98
2026-02-02 04:18:19,1770002299,2.0,0,0,0,189.264
2026-02-02 04:18:40,1770002320,2.0,0,0,0,189.549
2026-02-02 04:18:59,1770002339,2.0,0,0,0,189.833
2026-02-02 04:19:20,1770002360,2.0,0,0,0,190.118
2026-02-02 04:19:40,1770002380,2.0,0,0,0,190.402
2026-02-02 04:19:59,1770002399,2.0,0,0,0,190.686
2026-02-02 04:20:20,1770002420,2.0,0,0,0,190.971
2026-02-02 04:20:39,1770002439,2.0,0,0,0,191.255
2026-02-02 04:21:00,1770002460,2.0,0,0,0,191.54
2026-02-02 04:21:19,1770002479,2.0,0,0,0,191.824
2026-02-02 04:21:40,1770002500,2.0,0,0,0,192.109
2026-02-02 04:21:59,1770002519,2.0,0,0,0,192.393
2026-02-02 04:22:20,1770002540,2.0,0,0,0,192.678
2026-02-02 04:22:39,1770002559,2.0,0,0,0,192.962
2026-02-02 04:23:00,1770002580,2.0,0,0,0,193.247
2026-02-02 04:23:19,1770002599,2.0,0,0,0,193.531
2026-02-02 04:23:40,1770002620,2.0,0,0,0,193.816
2026-02-02 04:23:59,1770002639,2.0,0,0,0,194.1
2026-02-02 04:24:20,1770002660,2.0,0,0,0,194.385
2026-02-02 04:24:39,1770002679,2.0,0,0,0,194.669
2026-02-02 04:25:00,1770002700,2.0,0,0,0,194.954
2026-02-02 04:25:19,1770002719,2.0,0,0,0,195.238
2026-02-02 04:25:40,1770002740,2.0,0,0,0,195.523
2026-02-02 04:25:59,1770002759,2.0,0,0,0,195.807
2026-02-02 04:26:20,1770002780,2.0,0,0,0,196.092
2026-02-02 04:26:39,1770002799,2.0,0,0,0,196.376
2026-02-02 04:26:59,1770002819,2.0,0,0,0,196.66
2026-02-02 04:27:20,1770002840,2.0,0,0,0,196.945
2026-02-02 04:27:39,1770002859,2.0,0,0,0,197.229
2026-02-02 04:28:00,1770002880,2.0,0,0,0,197.514
2026-02-02 04:28:19,1770002899,2.0,0,0,0,197.798
2026-02-02 04:28:40,1770002920,2.0,0,0,0,198.083
2026-02-02 04:28:59,1770002939,2.0,0,0,0,198.367
2026-02-02 04:29:20,1770002960,2.0,0,0,0,198.652
2026-02-02 04:29:39,1770002979,2.0,0,0,0,198.936
2026-02-02 04:30:00,1770003000,2.0,0,0,0,199.221
2026-02-02 04:30:19,1770003019,2.0,0,0,0,199.505
2026-02-02 04:30:40,1770003040,2.0,0,0,0,199.79
2026-02-02 04:30:59,1770003059,2.0,0,0,0,200.074
2026-02-02 04:31:20,1770003080,2.0,0,0,0,200.359
2026-02-02 04:31:39,1770003099,2.0,0,0,0,200.643
2026-02-02 04:32:00,1770003120,2.0,0,0,0,200.928
2026-02-02 04:32:19,1770003139,2.0,0,0,0,201.212
2026-02-02 04:32:40,1770003160,2.0,0,0,0,201.497
2026-02-02 04:32:59,1770003179,2.0,0,0,0,201.781
2026-02-02 04:33:20,1770003200,2.0,0,0,0,202.066
2026-02-02 04:33:39,1770003219,2.0,0,0,0,202.35
2026-02-02 04:34:00,1770003240,2.0,0,0,0,202.635
2026-02-02 04:34:20,1770003260,2.0,0,0,0,202.919
2026-02-02 04:34:39,1770003279,2.0,0,0,0,203.203
2026-02-02 04:35:00,1770003300,2.0,0,0,0,203.488
2026-02-02 04:35:19,1770003319,2.0,0,0,0,203.772
2026-02-02 04:35:40,1770003340,2.0,0,0,0,204.057
2026-02-02 04:35:59,1770003359,2.0,0,0,0,204.341
2026-02-02 04:36:20,1770003380,2.0,0,0,0,204.626
2026-02-02 04:36:39,1770003399,2.0,0,0,0,204.91
2026-02-02 04:37:00,1770003420,2.0,0,0,0,205.195
2026-02-02 04:37:19,1770003439,2.0,0,0,0,205.479
2026-02-02 04:37:40,1770003460,2.0,0,0,0,205.764
2026-02-02 04:37:59,1770003479,2.0,0,0,0,206.048
2026-02-02 04:38:20,1770003500,2.0,0,0,0,206.333
2026-02-02 04:38:39,1770003519,2.0,0,0,0,206.617
2026-02-02 04:39:00,1770003540,2.0,0,0,0,206.902
2026-02-02 04:39:19,1770003559,2.0,0,0,0,207.186
2026-02-02 04:39:40,1770003580,2.0,0,0,0,207.471
2026-02-02 04:39:59,1770003599,2.0,0,0,0,207.755
2026-02-02 04:40:20,1770003620,2.0,0,0,0,208.04
2026-02-02 04:40:39,1770003639,2.0,0,0,0,208.324
2026-02-02 04:41:00,1770003660,2.0,0,0,0,208.609
2026-02-02 04:41:19,1770003679,2.0,0,0,0,208.893
2026-02-02 04:41:39,1770003699,2.0,0,0,0,209.177
2026-02-02 04:42:00,1770003720,2.0,0,0,0,209.462
2026-02-02 04:42:19,1770003739,2.0,0,0,0,209.746
2026-02-02 04:42:40,1770003760,2.0,0,0,0,210.031
2026-02-02 04:42:59,1770003779,2.0,0,0,0,210.315
2026-02-02 04:43:20,1770003800,2.0,0,0,0,210.6
2026-02-02 04:43:39,1770003819,2.0,0,0,0,210.884
2026-02-02 04:44:00,1770003840,2.0,0,0,0,211.169
2026-02-02 04:44:19,1770003859,2.0,0,0,0,211.453
2026-02-02 04:44:40,1770003880,2.0,0,0,0,211.738
2026-02-02 04:44:59,1770003899,2.0,0,0,0,212.022
2026-02-02 04:45:20,1770003920,2.0,0,0,0,212.307
2026-02-02 04:45:39,1770003939,2.0,0,0,0,212.591
2026-02-02 04:46:00,1770003960,2.0,0,0,0,212.876
2026-02-02 04:46:19,1770003979,2.0,0,0,0,213.16
2026-02-02 04:46:40,1770004000,2.0,0,0,0,213.445
2026-02-02 04:46:59,1770004019,2.0,0,0,0,213.729
2026-02-02 04:47:20,1770004040,2.0,0,0,0,214.014
2026-02-02 04:47:39,1770004059,2.0,0,0,0,214.298
2026-02-02 04:48:00,1770004080,2.0,0,0,0,214.583
2026-02-02 04:48:19,1770004099,2.0,0,0,0,214.867
2026-02-02 04:48:40,1770004120,2.0,0,0,0,215.152
2026-02-02 04:49:00,1770004140,2.0,0,0,0,215.436
2026-02-02 04:49:19,1770004159,2.0,0,0,0,215.72
2026-02-02 04:49:40,1770004180,2.0,0,0,0,216.005
2026-02-02 04:49:59,1770004199,2.0,0,0,0,216.289
2026-02-02 04:50:20,1770004220,2.0,0,0,0,216.574
2026-02-02 04:50:39,1770004239,3.0,0,0,0,216.858
2026-02-02 04:51:00,1770004260,3.0,0,0,0,217.143
2026-02-02 04:51:19,1770004279,3.0,0,0,0,217.427
2026-02-02 04:51:40,1770004300,3.0,0,0,0,217.712
2026-02-02 04:51:59,1770004319,3.0,0,0,0,217.996
2026-02-02 04:52:20,1770004340,3.0,0,0,0,218.281
2026-02-02 04:52:39,1770004359,3.0,0,0,0,218.565
2026-02-02 04:53:00,1770004380,3.0,0,0,0,218.85
2026-02-02 04:53:19,1770004399,3.0,0,0,0,219.134
2026-02-02 04:53:40,1770004420,3.0,0,0,0,219.419
2026-02-02 04:53:59,1770004439,3.0,0,0,0,219.703
2026-02-02 04:54:20,1770004460,3.0,0,0,0,219.988
2026-02-02 04:54:39,1770004479,3.0,0,0,0,220.272
2026-02-02 04:55:00,1770004500,3.0,0,0,0,220.557
2026-02-02 04:55:19,1770004519,3.0,0,0,0,220.841
2026-02-02 04:55:40,1770004540,3.0,0,0,0,221.126
2026-02-02 04:55:59,1770004559,3.0,0,0,0,221.41
2026-02-02 04:56:19,1770004579,3.0,0,0,0,221.694
2026-02-02 04:56:40,1770004600,3.0,0,0,0,221.979
2026-02-02 04:56:59,1770004619,3.0,0,0,0,222.263
2026-02-02 04:57:20,1770004640,3.0,0,0,0,222.548
2026-02-02 04:57:39,1770004659,3.0,0,0,0,222.832
2026-02-02 04:58:00,1770004680,3.0,0,0,0,223.117
2026-02-02 04:58:19,1770004699,3.0,0,0,0,223.401
2026-02-02 04:58:40,1770004720,3.0,0,0,0,223.686
2026-02-02 04:58:59,1770004739,3.0,0,0,0,223.97
2026-02-02 04:59:20,1770004760,3.0,0,0,0,224.255
2026-02-02 04:59:39,1770004779,3.0,0,0,0,224.539
2026-02-02 05:00:00,1770004800,3.0,0,0,0,224.824
2026-02-02 05:00:19,1770004819,3.0,0,0,0,225.108
2026-02-02 05:00:40,1770004840,3.0,0,0,0,225.393
2026-02-02 05:00:59,1770004859,3.0,0,0,0,225.677
2026-02-02 05:01:20,1770004880,3.0,0,0,0,225.962
2026-02-02 05:01:39,1770004899,3.0,0,0,0,226.246
2026-02-02 05:02:00,1770004920,3.0,0,0,0,226.531
2026-02-02 05:02:19,1770004939,3.0,0,0,0,226.815
2026-02-02 05:02:40,1770004960,3.0,0,0,0,227.1
2026-02-02 05:02:59,1770004979,3.0,0,0,0,227.384
2026-02-02 05:03:20,1770005000,3.0,0,0,0,227.669
2026-02-02 05:03:40,1770005020,2.0,0,0,0,227.953
2026-02-02 05:03:59,1770005039,2.0,0,0,0,228.237
2026-02-02 05:04:20,1770005060,2.0,0,0,0,228.522
2026-02-02 05:04:39,1770005079,2.0,0,0,0,228.806
2026-02-02 05:05:00,1770005100,2.0,0,0,0,229.091
2026-02-02 05:05:19,1770005119,2.0,0,0,0,229.375
2026-02-02 05:05:40,1770005140,2.0,0,0,0,229.66
2026-02-02 05:05:59,1770005159,2.0,0,0,0,229.944
2026-02-02 05:06:20,1770005180,2.0,0,0,0,230.229
2026-02-02 05:06:39,1770005199,2.0,0,0,0,230.513
2026-02-02 05:07:00,1770005220,2.0,0,0,0,230.798
2026-02-02 05:07:19,1770005239,2.0,0,0,0,231.082
2026-02-02 05:07:40,1770005260,2.0,0,0,0,231.367
2026-02-02 05:07:59,1770005279,2.0,0,0,0,231.651
2026-02-02 05:08:20,1770005300,2.0,0,0,0,231.936
2026-02-02 05:08:39,1770005319,2.0,0,0,0,232.22
2026-02-02 05:09:00,1770005340,2.0,0,0,0,232.505
2026-02-02 05:09:19,1770005359,2.0,0,0,0,232.789
2026-02-02 05:09:40,1770005380,2.0,0,0,0,233.074
2026-02-02 05:09:59,1770005399,2.0,0,0,0,233.358
2026-02-02 05:10:20,1770005420,2.0,0,0,0,233.643
2026-02-02 05:10:39,1770005439,2.0,0,0,0,233.927
2026-02-02 05:11:00,1770005460,2.0,0,0,0,234.212
2026-02-02 05:11:20,1770005480,2.0,0,0,0,234.496
2026-02-02 05:11:39,1770005499,2.0,0,0,0,234.78
2026-02-02 05:12:00,1770005520,2.0,0,0,0,235.065
2026-02-02 05:12:19,1770005539,2.0,0,0,0,235.349
2026-02-02 05:12:40,1770005560,2.0,0,0,0,235.634
2026-02-02 05:12:59,1770005579,2.0,0,0,0,235.918
2026-02-02 05:13:20,1770005600,2.0,0,0,0,236.203
2026-02-02 05:13:39,1770005619,2.0,0,0,0,236.487
2026-02-02 05:14:00,1770005640,2.0,0,0,0,236.772
2026-02-02 05:14:19,1770005659,2.0,0,0,0,237.056
2026-02-02 05:14:40,1770005680,2.0,0,0,0,237.341
2026-02-02 05:14:59,1770005699,2.0,0,0,0,237.625
2026-02-02 05:15:20,1770005720,2.0,0,0,0,237.91
2026-02-02 05:15:39,1770005739,2.0,0,0,0,238.194
2026-02-02 05:16:00,1770005760,2.0,0,0,0,238.479
2026-02-02 05:16:19,1770005779,2.0,0,0,0,238.763
2026-02-02 05:16:40,1770005800,2.0,0,0,0,239.048
2026-02-02 05:16:59,1770005819,2.0,0,0,0,239.332
2026-02-02 05:17:20,1770005840,2.0,0,0,0,239.617
2026-02-02 05:17:39,1770005859,2.0,0,0,0,239.901
2026-02-02 05:18:00,1770005880,2.0,0,0,0,240.186
2026-02-02 05:18:19,1770005899,2.0,0,0,0,240.47
2026-02-02 05:18:39,1770005919,2.0,0,0,0,240.754
2026-02-02 05:19:00,1770005940,2.0,0,0,0,241.039
2026-02-02 05:19:19,1770005959,2.0,0,0,0,241.323
2026-02-02 05:19:40,1770005980,2.0,0,0,0,241.608
2026-02-02 05:19:59,1770005999,2.0,0,0,0,241.892
2026-02-02 05:20:20,1770006020,2.0,0,0,0,242.177
2026-02-02 05:20:39,1770006039,2.0,0,0,0,242.461
2026-02-02 05:21:00,1770006060,2.0,0,0,0,242.746
2026-02-02 05:21:19,1770006079,2.0,0,0,0,243.03
2026-02-02 05:21:40,1770006100,2.0,0,0,0,243.315
2026-02-02 05:21:59,1770006119,2.0,0,0,0,243.599
2026-02-02 05:22:20,1770006140,2.0,0,0,0,243.884
2026-02-02 05:22:39,1770006159,2.0,0,0,0,244.168
2026-02-02 05:23:00,1770006180,2.0,0,0,0,244.453
2026-02-02 05:23:19,1770006199,2.0,0,0,0,244.737
2026-02-02 05:23:40,1770006220,2.0,0,0,0,245.022
2026-02-02 05:23:59,1770006239,2.0,0,0,0,245.306
2026-02-02 05:24:20,1770006260,2.0,0,0,0,245.591
2026-02-02 05:24:39,1770006279,2.0,0,0,0,245.875
2026-02-02 05:25:00,1770006300,2.0,0,0,0,246.16
2026-02-02 05:25:19,1770006319,2.0,0,0,0,246.444
2026-02-02 05:25:40,1770006340,2.0,0,0,0,246.729
2026-02-02 05:26:00,1770006360,2.0,0,0,0,247.013
2026-02-02 05:26:19,1770006379,2.0,0,0,0,247.297
2026-02-02 05:26:40,1770006400,2.0,0,0,0,247.582
2026-02-02 05:26:59,1770006419,2.0,0,0,0,247.866
2026-02-02 05:27:20,1770006440,2.0,0,0,0,248.151
2026-02-02 05:27:39,1770006459,2.0,0,0,0,248.435
2026-02-02 05:28:00,1770006480,2.0,0,0,0,248.72
2026-02-02 05:28:19,1770006499,2.0,0,0,0,249.004
2026-02-02 05:28:40,1770006520,2.0,0,0,0,249.289
2026-02-02 05:28:59,1770006539,2.0,0,0,0,249.573
2026-02-02 05:29:20,1770006560,2.0,0,0,0,249.858
2026-02-02 05:29:39,1770006579,2.0,0,0,0,250.142
2026-02-02 05:30:00,1770006600,2.0,0,0,0,250.427
2026-02-02 05:30:19,1770006619,2.0,0,0,0,250.711
2026-02-02 05:30:40,1770006640,2.0,0,0,0,250.996
2026-02-02 05:30:59,1770006659,2.0,0,0,0,251.28
2026-02-02 05:31:20,1770006680,2.0,0,0,0,251.565
2026-02-02 05:31:39,1770006699,2.0,0,0,0,251.849
2026-02-02 05:32:00,1770006720,2.0,0,0,0,252.134
2026-02-02 05:32:19,1770006739,2.0,0,0,0,252.418
2026-02-02 05:32:40,1770006760,2.0,0,0,0,252.703
2026-02-02 05:32:59,1770006779,2.0,0,0,0,252.987
2026-02-02 05:33:19,1770006799,2.0,0,0,0,253.271
2026-02-02 05:33:40,1770006820,2.0,0,0,0,253.556
2026-02-02 05:33:59,1770006839,2.0,0,0,0,253.84
2026-02-02 05:34:20,1770006860,2.0,0,0,0,254.125
2026-02-02 05:34:39,1770006879,2.0,0,0,0,254.409
2026-02-02 05:35:00,1770006900,2.0,0,0,0,254.694
2026-02-02 05:35:19,1770006919,2.0,0,0,0,254.978
2026-02-02 05:35:40,1770006940,2.0,0,0,0,255.263
2026-02-02 05:35:59,1770006959,2.0,0,0,0,255.547
2026-02-02 05:36:20,1770006980,2.0,0,0,0,255.832
2026-02-02 05:36:39,1770006999,2.0,0,0,0,256.116
2026-02-02 05:37:00,1770007020,2.0,0,0,0,256.401
2026-02-02 05:37:19,1770007039,2.0,0,0,0,256.685
2026-02-02 05:37:40,1770007060,2.0,0,0,0,256.97
2026-02-02 05:37:59,1770007079,2.0,0,0,0,257.254
2026-02-02 05:38:20,1770007100,2.0,0,0,0,257.539
2026-02-02 05:38:39,1770007119,2.0,0,0,0,257.823
2026-02-02 05:39:00,1770007140,2.0,0,0,0,258.108
2026-02-02 05:39:19,1770007159,2.0,0,0,0,258.392
2026-02-02 05:39:40,1770007180,2.0,0,0,0,258.677
2026-02-02 05:39:59,1770007199,2.0,0,0,0,258.961
2026-02-02 05:40:20,1770007220,2.0,0,0,0,259.246
2026-02-02 05:40:40,1770007240,2.0,0,0,0,259.53
2026-02-02 05:40:59,1770007259,2.0,0,0,0,259.814
2026-02-02 05:41:20,1770007280,2.0,0,0,0,260.099
2026-02-02 05:41:39,1770007299,2.0,0,0,0,260.383
2026-02-02 05:42:00,1770007320,2.0,0,0,0,260.668
2026-02-02 05:42:19,1770007339,2.0,0,0,0,260.952
2026-02-02 05:42:40,1770007360,2.0,0,0,0,261.237
2026-02-02 05:42:59,1770007379,2.0,0,0,0,261.521
2026-02-02 05:43:20,1770007400,2.0,0,0,0,261.806
2026-02-02 05:43:39,1770007419,2.0,0,0,0,262.09
2026-02-02 05:44:00,1770007440,2.0,0,0,0,262.375
2026-02-02 05:44:19,1770007459,2.0,0,0,0,262.659
2026-02-02 05:44:40,1770007480,2.0,0,0,0,262.944
2026-02-02 05:44:59,1770007499,2.0,0,0,0,263.228
2026-02-02 05:45:20,1770007520,2.0,0,0,0,263.513
2026-02-02 05:45:39,1770007539,2.0,0,0,0,263.797
2026-02-02 05:46:00,1770007560,2.0,0,0,0,264.082
2026-02-02 05:46:19,1770007579,2.0,0,0,0,264.366
2026-02-02 05:46:40,1770007600,2.0,0,0,0,264.651
2026-02-02 05:46:59,1770007619,2.0,0,0,0,264.935
2026-02-02 05:47:20,1770007640,2.0,0,0,0,265.22
2026-02-02 05:47:39,1770007659,2.0,0,0,0,265.504
2026-02-02 05:47:59,1770007679,2.0,0,0,0,265.788
2026-02-02 05:48:20,1770007700,2.0,0,0,0,266.073
2026-02-02 05:48:39,1770007719,2.0,0,0,0,266.357
2026-02-02 05:49:00,1770007740,2.0,0,0,0,266.642
2026-02-02 05:49:19,1770007759,2.0,0,0,0,266.926
2026-02-02 05:49:40,1770007780,2.0,0,0,0,267.211
2026-02-02 05:49:59,1770007799,2.0,0,0,0,267.495
2026-02-02 05:50:20,1770007820,2.0,0,0,0,267.78
2026-02-02 05:50:39,1770007839,3.0,0,0,0,268.064
2026-02-02 05:51:00,1770007860,3.0,0,0,0,268.349
2026-02-02 05:51:19,1770007879,3.0,0,0,0,268.633
2026-02-02 05:51:40,1770007900,3.0,0,0,0,268.918
2026-02-02 05:51:59,1770007919,3.0,0,0,0,269.202
2026-02-02 05:52:20,1770007940,3.0,0,0,0,269.487
2026-02-02 05:52:39,1770007959,3.0,0,0,0,269.771
2026-02-02 05:53:00,1770007980,3.0,0,0,0,270.056
2026-02-02 05:53:19,1770007999,3.0,0,0,0,270.34
2026-02-02 05:53:40,1770008020,3.0,0,0,0,270.625
2026-02-02 05:53:59,1770008039,3.0,0,0,0,270.909
2026-02-02 05:54:20,1770008060,3.0,0,0,0,271.194
2026-02-02 05:54:39,1770008079,3.0,0,0,0,271.478
2026-02-02 05:55:00,1770008100,3.0,0,0,0,271.763
2026-02-02 05:55:19,1770008119,3.0,0,0,0,272.047
2026-02-02 05:55:39,1770008139,3.0,0,0,0,272.331
2026-02-02 05:56:00,1770008160,3.0,0,0,0,272.616
2026-02-02 05:56:19,1770008179,3.0,0,0,0,272.9
2026-02-02 05:56:40,1770008200,3.0,0,0,0,273.185
2026-02-02 05:56:59,1770008219,3.0,0,0,0,273.469
2026-02-02 05:57:20,1770008240,3.0,0,0,0,273.754
2026-02-02 05:57:39,1770008259,3.0,0,0,0,274.038
2026-02-02 05:58:00,1770008280,3.0,0,0,0,274.323
2026-02-02 05:58:19,1770008299,3.0,0,0,0,274.607
2026-02-02 05:58:40,1770008320,3.0,0,0,0,274.892
2026-02-02 05:58:59,1770008339,3.0,0,0,0,275.176
2026-02-02 05:59:20,1770008360,3.0,0,0,0,275.461
2026-02-02 05:59:39,1770008379,3.0,0,0,0,275.745
2026-02-02 06:00:00,1770008400,3.0,0,0,0,276.03
2026-02-02 06:00:19,1770008419,3.0,0,0,0,276.314
2026-02-02 06:00:40,1770008440,3.0,0,0,0,276.599
2026-02-02 06:00:59,1770008459,3.0,0,0,0,276.883
2026-02-02 06:01:20,1770008480,3.0,0,0,0,277.168
2026-02-02 06:01:39,1770008499,3.0,0,0,0,277.452
2026-02-02 06:02:00,1770008520,3.0,0,0,0,277.737
2026-02-02 06:02:19,1770008539,3.0,0,0,0,278.021
2026-02-02 06:02:40,1770008560,3.0,0,0,0,278.306
2026-02-02 06:03:00,1770008580,3.0,0,0,0,278.59
2026-02-02 06:03:19,1770008599,3.0,0,0,0,278.874
2026-02-02 06:03:40,1770008620,2.0,0,0,0,279.159
2026-02-02 06:03:59,1770008639,2.0,0,0,0,279.443
2026-02-02 06:04:20,1770008660,2.0,0,0,0,279.728
2026-02-02 06:04:39,1770008679,2.0,0,0,0,280.012
2026-02-02 06:05:00,1770008700,2.0,0,0,0,280.297
2026-02-02 06:05:19,1770008719,2.0,0,0,0,280.581
2026-02-02 06:05:40,1770008740,2.0,0,0,0,280.866
2026-02-02 06:05:59,1770008759,2.0,0,0,0,281.15
2026-02-02 06:06:20,1770008780,2.0,0,0,0,281.435
2026-02-02 06:06:39,1770008799,2.0,0,0,0,281.719
2026-02-02 06:07:00,1770008820,2.0,0,0,0,282.004
2026-02-02 06:07:19,1770008839,2.0,0,0,0,282.288
2026-02-02 06:07:40,1770008860,2.0,0,0,0,282.573
2026-02-02 06:07:59,1770008879,2.0,0,0,0,282.857
2026-02-02 06:08:20,1770008900,2.0,0,0,0,283.142
2026-02-02 06:08:39,1770008919,2.0,0,0,0,283.426
2026-02-02 06:09:00,1770008940,2.0,0,0,0,283.711
2026-02-02 06:09:19,1770008959,2.0,0,0,0,283.995
2026-02-02 06:09:40,1770008980,2.0,0,0,0,284.28
2026-02-02 06:09:59,1770008999,2.0,0,0,0,284.564
2026-02-02 06:10:19,1770009019,2.0,0,0,0,284.848
2026-02-02 06:10:40,1770009040,2.0,0,0,0,285.133
2026-02-02 06:10:59,1770009059,2.0,0,0,0,285.417
2026-02-02 06:11:20,1770009080,2.0,0,0,0,285.702
2026-02-02 06:11:39,1770009099,2.0,0,0,0,285.986
2026-02-02 06:12:00,1770009120,2.0,0,0,0,286.271
2026-02-02 06:12:19,1770009139,2.0,0,0,0,286.555
2026-02-02 06:12:40,1770009160,2.0,0,0,0,286.84
2026-02-02 06:12:59,1770009179,2.0,0,0,0,287.124
2026-02-02 06:13:20,1770009200,2.0,0,0,0,287.409
2026-02-02 06:13:39,1770009219,2.0,0,0,0,287.693
2026-02-02 06:14:00,1770009240,2.0,0,0,0,287.978
2026-02-02 06:14:19,1770009259,2.0,0,0,0,288.262
2026-02-02 06:14:40,1770009280,2.0,0,0,0,288.547
2026-02-02 06:14:59,1770009299,2.0,0,0,0,288.831
2026-02-02 06:15:20,1770009320,2.0,0,0,0,289.116
2026-02-02 06:15:39,1770009339,2.0,0,0,0,289.4
2026-02-02 06:16:00,1770009360,2.0,0,0,0,289.685
2026-02-02 06:16:19,1770009379,2.0,0,0,0,289.969
2026-02-02 06:16:40,1770009400,2.0,0,0,0,290.254
2026-02-02 06:16:59,1770009419,2.0,0,0,0,290.538
2026-02-02 06:17:20,1770009440,2.0,0,0,0,290.823
2026-02-02 06:17:40,1770009460,2.0,0,0,0,291.107
2026-02-02 06:17:59,1770009479,2.0,0,0,0,291.391
2026-02-02 06:18:20,1770009500,2.0,0,0,0,291.676
2026-02-02 06:18:39,1770009519,2.0,0,0,0,291.96
2026-02-02 06:19:00,1770009540,2.0,0,0,0,292.245
2026-02-02 06:19:19,1770009559,2.0,0,0,0,292.529
2026-02-02 06:19:40,1770009580,2.0,0,0,0,292.814
2026-02-02 06:19:59,1770009599,2.0,0,0,0,293.098
2026-02-02 06:20:20,1770009620,2.0,0,0,0,293.383
2026-02-02 06:20:39,1770009639,2.0,0,0,0,293.667
2026-02-02 06:21:00,1770009660,2.0,0,0,0,293.952
2026-02-02 06:21:19,1770009679,2.0,0,0,0,294.236
2026-02-02 06:21:40,1770009700,2.0,0,0,0,294.521
2026-02-02 06:21:59,1770009719,2.0,0,0,0,294.805
2026-02-02 06:22:20,1770009740,2.0,0,0,0,295.09
2026-02-02 06:22:39,1770009759,2.0,0,0,0,295.374
2026-02-02 06:23:00,1770009780,2.0,0,0,0,295.659
2026-02-02 06:23:19,1770009799,2.0,0,0,0,295.943
2026-02-02 06:23:40,1770009820,2.0,0,0,0,296.228
2026-02-02 06:23:59,1770009839,2.0,0,0,0,296.512
2026-02-02 06:24:20,1770009860,2.0,0,0,0,296.797
2026-02-02 06:24:39,1770009879,2.0,0,0,0,297.081
2026-02-02 06:24:59,1770009899,2.0,0,0,0,297.365
2026-02-02 06:25:20,1770009920,2.0,0,0,0,297.65
2026-02-02 06:25:39,1770009939,2.0,0,0,0,297.934
2026-02-02 06:26:00,1770009960,2.0,0,0,0,298.219
2026-02-02 06:26:19,1770009979,2.0,0,0,0,298.503
2026-02-02 06:26:40,1770010000,2.0,0,0,0,298.788
2026-02-02 06:26:59,1770010019,2.0,0,0,0,299.072
2026-02-02 06:27:20,1770010040,2.0,0,0,0,299.357
2026-02-02 06:27:39,1770010059,2.0,0,0,0,299.641
2026-02-02 06:28:00,1770010080,2.0,0,0,0,299.926
2026-02-02 06:28:19,1770010099,2.0,0,0,0,300.21
2026-02-02 06:28:40,1770010120,2.0,0,0,0,300.495
2026-02-02 06:28:59,1770010139,2.0,0,0,0,300.779
2026-02-02 06:29:20,1770010160,2.0,0,0,0,301.064
2026-02-02 06:29:39,1770010179,2.0,0,0,0,301.348
2026-02-02 06:30:00,1770010200,2.0,0,0,0,301.633
2026-02-02 06:30:19,1770010219,2.0,0,0,0,301.917
2026-02-02 06:30:40,1770010240,2.0,0,0,0,302.202
2026-02-02 06:30:59,1770010259,2.0,0,0,0,302.486
2026-02-02 06:31:20,1770010280,2.0,0,0,0,302.771
2026-02-02 06:31:39,1770010299,2.0,0,0,0,303.055
2026-02-02 06:32:00,1770010320,2.0,0,0,0,303.34
2026-02-02 06:32:20,1770010340,2.0,0,0,0,303.624
2026-02-02 06:32:39,1770010359,2.0,0,0,0,303.908
2026-02-02 06:33:00,1770010380,2.0,0,0,0,304.193
2026-02-02 06:33:19,1770010399,2.0,0,0,0,304.477
2026-02-02 06:33:40,1770010420,2.0,0,0,0,304.762
2026-02-02 06:33:59,1770010439,2.0,0,0,0,305.046
2026-02-02 06:34:20,1770010460,2.0,0,0,0,305.331
2026-02-02 06:34:39,1770010479,2.0,0,0,0,305.615
2026-02-02 06:35:00,1770010500,2.0,0,0,0,305.9
2026-02-02 06:35:19,1770010519,2.0,0,0,0,306.184
2026-02-02 06:35:40,1770010540,2.0,0,0,0,306.469
2026-02-02 06:35:59,1770010559,2.0,0,0,0,306.753
2026-02-02 06:36:20,1770010580,2.0,0,0,0,307.038
2026-02-02 06:36:39,1770010599,2.0,0,0,0,307.322
2026-02-02 06:37:00,1770010620,2.0,0,0,0,307.607
2026-02-02 06:37:19,1770010639,2.0,0,0,0,307.891
2026-02-02 06:37:40,1770010660,2.0,0,0,0,308.176
2026-02-02 06:37:59,1770010679,2.0,0,0,0,308.46
2026-02-02 06:38:20,1770010700,2.0,0,0,0,308.745
2026-02-02 06:38:39,1770010719,2.0,0,0,0,309.029
2026-02-02 06:39:00,1770010740,2.0,0,0,0,309.314
2026-02-02 06:39:19,1770010759,2.0,0,0,0,309.598
2026-02-02 06:39:39,1770010779,2.0,0,0,0,309.882
2026-02-02 06:40:00,1770010800,2.0,0,0,0,310.167
2026-02-02 06:40:19,1770010819,2.0,0,0,0,310.451
2026-02-02 06:40:40,1770010840,2.0,0,0,0,310.736
2026-02-02 06:40:59,1770010859,2.0,0,0,0,311.02
2026-02-02 06:41:20,1770010880,2.0,0,0,0,311.305
2026-02-02 06:41:39,1770010899,2.0,0,0,0,311.589
2026-02-02 06:42:00,1770010920,2.0,0,0,0,311.874
2026-02-02 06:42:19,1770010939,2.0,0,0,0,312.158
2026-02-02 06:42:40,1770010960,2.0,0,0,0,312.443
2026-02-02 06:42:59,1770010979,2.0,0,0,0,312.727
2026-02-02 06:43:20,1770011000,2.0,0,0,0,313.012
2026-02-02 06:43:39,1770011019,2.0,0,0,0,313.296
2026-02-02 06:44:00,1770011040,2.0,0,0,0,313.581
2026-02-02 06:44:19,1770011059,2.0,0,0,0,313.865
2026-02-02 06:44:40,1770011080,2.0,0,0,0,314.15
2026-02-02 06:44:59,1770011099,2.0,0,0,0,314.434
2026-02-02 06:45:20,1770011120,2.0,0,0,0,314.719
2026-02-02 06:45:39,1770011139,2.0,0,0,0,315.003
2026-02-02 06:46:00,1770011160,2.0,0,0,0,315.288
2026-02-02 06:46:19,1770011179,2.0,0,0,0,315.572
2026-02-02 06:46:40,1770011200,2.0,0,0,0,315.857
2026-02-02 06:46:59,1770011219,2.0,0,0,0,316.141
2026-02-02 06:47:19,1770011239,2.0,0,0,0,316.425
2026-02-02 06:47:40,1770011260,2.0,0,0,0,316.71
2026-02-02 06:47:59,1770011279,2.0,0,0,0,316.994
2026-02-02 06:48:20,1770011300,2.0,0,0,0,317.279
2026-02-02 06:48:39,1770011319,2.0,0,0,0,317.563
2026-02-02 06:49:00,1770011340,2.0,0,0,0,317.848
2026-02-02 06:49:19,1770011359,2.0,0,0,0,318.132
2026-02-02 06:49:40,1770011380,2.0,0,0,0,318.417
2026-02-02 06:49:59,1770011399,2.0,0,0,0,318.701
2026-02-02 06:50:20,1770011420,2.0,0,0,0,318.986
2026-02-02 06:50:39,1770011439,3.0,0,0,0,319.27
2026-02-02 06:51:00,1770011460,3.0,0,0,0,319.555
2026-02-02 06:51:19,1770011479,3.0,0,0,0,319.839
2026-02-02 06:51:40,1770011500,3.0,0,0,0,320.124
2026-02-02 06:51:59,1770011519,3.0,0,0,0,320.408
2026-02-02 06:52:20,1770011540,3.0,0,0,0,320.693
2026-02-02 06:52:39,1770011559,3.0,0,0,0,320.977
2026-02-02 06:53:00,1770011580,3.0,0,0,0,321.262
2026-02-02 06:53:19,1770011599,3.0,0,0,0,321.546
2026-02-02 06:53:40,1770011620,3.0,0,0,0,321.831
2026-02-02 06:53:59,1770011639,3.0,0,0,0,322.115
2026-02-02 06:54:20,1770011660,3.0,0,0,0,322.4
2026-02-02 06:54:40,1770011680,3.0,0,0,0,322.684
2026-02-02 06:54:59,1770011699,3.0,0,0,0,322.968
2026-02-02 06:55:20,1770011720,3.0,0,0,0,323.253
2026-02-02 06:55:39,1770011739,3.0,0,0,0,323.537
2026-02-02 06:56:00,1770011760,3.0,0,0,0,323.822
2026-02-02 06:56:19,1770011779,3.0,0,0,0,324.106
2026-02-02 06:56:40,1770011800,3.0,0,0,0,324.391
2026-02-02 06:56:59,1770011819,3.0,0,0,0,324.675
2026-02-02 06:57:20,1770011840,3.0,0,0,0,324.96
2026-02-02 06:57:39,1770011859,3.0,0,0,0,325.244
2026-02-02 06:58:00,1770011880,3.0,0,0,0,325.529
2026-02-02 06:58:19,1770011899,3.0,0,0,0,325.813
2026-02-02 06:58:40,1770011920,3.0,0,0,0,326.098
2026-02-02 06:58:59,1770011939,3.0,0,0,0,326.382
2026-02-02 06:59:20,1770011960,3.0,0,0,0,326.667
2026-02-02 06:59:39,1770011979,3.0,0,0,0,326.951
2026-02-02 07:00:00,1770012000,3.0,0,0,0,327.236
2026-02-02 07:00:19,1770012019,3.0,0,0,0,327.52
2026-02-02 07:00:40,1770012040,3.0,0,0,0,327.805
2026-02-02 07:00:59,1770012059,3.0,0,0,0,328.089
2026-02-02 07:01:20,1770012080,3.0,0,0,0,328.374
2026-02-02 07:01:39,1770012099,3.0,0,0,0,328.658
2026-02-02 07:01:59,1770012119,3.0,0,0,0,328.942
2026-02-02 07:02:20,1770012140,3.0,0,0,0,329.227
2026-02-02 07:02:39,1770012159,3.0,0,0,0,329.511
2026-02-02 07:03:00,1770012180,3.0,0,0,0,329.796
2026-02-02 07:03:19,1770012199,3.0,0,0,0,330.08
2026-02-02 07:03:40,1770012220,2.0,0,0,0,330.365
2026-02-02 07:03:59,1770012239,2.0,0,0,0,330.649
2026-02-02 07:04:20,1770012260,2.0,0,0,0,330.934
2026-02-02 07:04:39,1770012279,2.0,0,0,0,331.218
2026-02-02 07:05:00,1770012300,2.0,0,0,0,331.503
2026-02-02 07:05:19,1770012319,2.0,0,0,0,331.787
2026-02-02 07:05:40,1770012340,2.0,0,0,0,332.072
2026-02-02 07:05:59,1770012359,2.0,0,0,0,332.356
2026-02-02 07:06:20,1770012380,2.0,0,0,0,332.641
2026-02-02 07:06:39,1770012399,2.0,0,0,0,332.925
2026-02-02 07:07:00,1770012420,2.0,0,0,0,333.21
2026-02-02 07:07:19,1770012439,2.0,0,0,0,333.494
2026-02-02 07:07:40,1770012460,2.0,0,0,0,333.779
2026-02-02 07:07:59,1770012479,2.0,0,0,0,334.063
2026-02-02 07:08:20,1770012500,2.0,0,0,0,334.348
2026-02-02 07:08:39,1770012519,2.0,0,0,0,334.632
2026-02-02 07:09:00,1770012540,2.0,0,0,0,334.917
2026-02-02 07:09:20,1770012560,2.0,0,0,0,335.201
2026-02-02 07:09:39,1770012579,2.0,0,0,0,335.485
2026-02-02 07:10:00,1770012600,2.0,0,0,0,335.77
2026-02-02 07:10:19,1770012619,2.0,0,0,0,336.054
2026-02-02 07:10:40,1770012640,2.0,0,0,0,336.339
2026-02-02 07:10:59,1770012659,2.0,0,0,0,336.623
2026-02-02 07:11:20,1770012680,2.0,0,0,0,336.908
2026-02-02 07:11:39,1770012699,2.0,0,0,0,337.192
2026-02-02 07:12:00,1770012720,2.0,0,0,0,337.477
2026-02-02 07:12:19,1770012739,2.0,0,0,0,337.761
2026-02-02 07:12:40,1770012760,2.0,0,0,0,338.046
2026-02-02 07:12:59,1770012779,2.0,0,0,0,338.33
2026-02-02 07:13:20,1770012800,2.0,0,0,0,338.615
2026-02-02 07:13:39,1770012819,2.0,0,0,0,338.899
2026-02-02 07:14:00,1770012840,2.0,0,0,0,339.184
2026-02-02 07:14:19,1770012859,2.0,0,0,0,339.468
2026-02-02 07:14:40,1770012880,2.0,0,0,0,339.753
2026-02-02 07:14:59,1770012899,2.0,0,0,0,340.037
2026-02-02 07:15:20,1770012920,2.0,0,0,0,340.322
2026-02-02 07:15:39,1770012939,2.0,0,0,0,340.606
2026-02-02 07:16:00,1770012960,2.0,0,0,0,340.891
2026-02-02 07:16:19,1770012979,2.0,0,0,0,341.175
2026-02-02 07:16:39,1770012999,2.0,0,0,0,341.459
2026-02-02 07:17:00,1770013020,2.0,0,0,0,341.744
2026-02-02 07:17:19,1770013039,2.0,0,0,0,342.028
2026-02-02 07:17:40,1770013060,2.0,0,0,0,342.313
2026-02-02 07:17:59,1770013079,2.0,0,0,0,342.597
2026-02-02 07:18:20,1770013100,2.0,0,0,0,342.882
2026-02-02 07:18:39,1770013119,2.0,0,0,0,343.166
2026-02-02 07:19:00,1770013140,2.0,0,0,0,343.451
2026-02-02 07:19:19,1770013159,2.0,0,0,0,343.735
2026-02-02 07:19:40,1770013180,2.0,0,0,0,344.02
2026-02-02 07:19:59,1770013199,2.0,0,0,0,344.304
2026-02-02 07:20:20,1770013220,2.0,0,0,0,344.589
2026-02-02 07:20:39,1770013239,2.0,0,0,0,344.873
2026-02-02 07:21:00,1770013260,2.0,0,0,0,345.158
2026-02-02 07:21:19,1770013279,2.0,0,0,0,345.442
2026-02-02 07:21:40,1770013300,2.0,0,0,0,345.727
2026-02-02 07:21:59,1770013319,2.0,0,0,0,346.011
2026-02-02 07:22:20,1770013340,2.0,0,0,0,346.296
2026-02-02 07:22:39,1770013359,2.0,0,0,0,346.58
2026-02-02 07:23:00,1770013380,2.0,0,0,0,346.865
2026-02-02 07:23:19,1770013399,2.0,0,0,0,347.149
2026-02-02 07:23:40,1770013420,2.0,0,0,0,347.434
2026-02-02 07:24:00,1770013440,2.0,0,0,0,347.718
2026-02-02 07:24:19,1770013459,2.0,0,0,0,348.002
2026-02-02 07:24:40,1770013480,2.0,0,0,0,348.287
2026-02-02 07:24:59,1770013499,2.0,0,0,0,348.571
2026-02-02 07:25:20,1770013520,2.0,0,0,0,348.856
2026-02-02 07:25:39,1770013539,2.0,0,0,0,349.14
2026-02-02 07:26:00,1770013560,2.0,0,0,0,349.425
2026-02-02 07:26:19,1770013579,2.0,0,0,0,349.709
2026-02-02 07:26:40,1770013600,2.0,0,0,0,349.994
2026-02-02 07:26:59,1770013619,2.0,0,0,0,350.278
2026-02-02 07:27:20,1770013640,2.0,0,0,0,350.563
2026-02-02 07:27:39,1770013659,2.0,0,0,0,350.847
2026-02-02 07:28:00,1770013680,2.0,0,0,0,351.132
2026-02-02 07:28:19,1770013699,2.0,0,0,0,351.416
2026-02-02 07:28:40,1770013720,2.0,0,0,0,351.701
2026-02-02 07:28:59,1770013739,2.0,0,0,0,351.985
2026-02-02 07:29:20,1770013760,2.0,0,0,0,352.27
2026-02-02 07:29:39,1770013779,2.0,0,0,0,352.554
2026-02-02 07:30:00,1770013800,2.0,0,0,0,352.839
2026-02-02 07:30:19,1770013819,2.0,0,0,0,353.123
2026-02-02 07:30:40,1770013840,2.0,0,0,0,353.408
2026-02-02 07:30:59,1770013859,2.0,0,0,0,353.692
2026-02-02 07:31:19,1770013879,2.0,0,0,0,353.976
2026-02-02 07:31:40,1770013900,2.0,0,0,0,354.261
2026-02-02 07:31:59,1770013919,2.0,0,0,0,354.545
2026-02-02 07:32:20,1770013940,2.0,0,0,0,354.83
2026-02-02 07:32:39,1770013959,2.0,0,0,0,355.114
2026-02-02 07:33:00,1770013980,2.0,0,0,0,355.399
2026-02-02 07:33:19,1770013999,2.0,0,0,0,355.683
2026-02-02 07:33:40,1770014020,2.0,0,0,0,355.968
2026-02-02 07:33:59,1770014039,2.0,0,0,0,356.252
2026-02-02 07:34:20,1770014060,2.0,0,0,0,356.537
2026-02-02 07:34:39,1770014079,2.0,0,0,0,356.821
2026-02-02 07:35:00,1770014100,2.0,0,0,0,357.106
2026-02-02 07:35:19,1770014119,2.0,0,0,0,357.39
2026-02-02 07:35:40,1770014140,2.0,0,0,0,357.675
2026-02-02 07:35:59,1770014159,2.0,0,0,0,357.959
2026-02-02 07:36:20,1770014180,2.0,0,0,0,358.244
2026-02-02 07:36:39,1770014199,2.0,0,0,0,358.528
2026-02-02 07:37:00,1770014220,2.0,0,0,0,358.813
2026-02-02 07:37:19,1770014239,2.0,0,0,0,359.097
2026-02-02 07:37:40,1770014260,2.0,0,0,0,359.382
2026-02-02 07:37:59,1770014279,2.0,0,0,0,359.666
2026-02-02 07:38:20,1770014300,2.0,0,0,0,359.951
2026-02-02 07:38:39,1770014319,2.0,0,0,0,360.235
2026-02-02 07:38:59,1770014339,2.0,0,0,0,360.519
2026-02-02 07:39:20,1770014360,2.0,0,0,0,360.804
2026-02-02 07:39:39,1770014379,2.0,0,0,0,361.088
2026-02-02 07:40:00,1770014400,2.0,0,0,0,361.373
2026-02-02 07:40:19,1770014419,2.0,0,0,0,361.657
2026-02-02 07:40:40,1770014440,2.0,0,0,0,361.942
2026-02-02 07:40:59,1770014459,2.0,0,0,0,362.226
2026-02-02 07:41:20,1770014480,2.0,0,0,0,362.511
2026-02-02 07:41:39,1770014499,2.0,0,0,0,362.795
2026-02-02 07:42:00,1770014520,2.0,0,0,0,363.08
2026-02-02 07:42:19,1770014539,2.0,0,0,0,363.364
2026-02-02 07:42:40,1770014560,2.0,0,0,0,363.649
2026-02-02 07:42:59,1770014579,2.0,0,0,0,363.933
2026-02-02 07:43:20,1770014600,2.0,0,0,0,364.218
2026-02-02 07:43:39,1770014619,2.0,0,0,0,364.502
2026-02-02 07:44:00,1770014640,2.0,0,0,0,364.787
2026-02-02 07:44:19,1770014659,2.0,0,0,0,365.071
2026-02-02 07:44:40,1770014680,2.0,0,0,0,365.356
2026-02-02 07:44:59,1770014699,2.0,0,0,0,365.64
2026-02-02 07:45:20,1770014720,2.0,0,0,0,365.925
2026-02-02 07:45:39,1770014739,2.0,0,0,0,366.209
2026-02-02 07:46:00,1770014760,2.0,0,0,0,366.494
2026-02-02 07:46:20,1770014780,2.0,0,0,0,366.778
2026-02-02 07:46:39,1770014799,2.0,0,0,0,367.062
2026-02-02 07:47:00,1770014820,2.0,0,0,0,367.347
2026-02-02 07:47:19,1770014839,2.0,0,0,0,367.631
2026-02-02 07:47:40,1770014860,2.0,0,0,0,367.916
2026-02-02 07:47:59,1770014879,2.0,0,0,0,368.2
2026-02-02 07:48:20,1770014900,2.0,0,0,0,368.485
2026-02-02 07:48:39,1770014919,2.0,0,0,0,368.769
2026-02-02 07:49:00,1770014940,2.0,0,0,0,369.054
2026-02-02 07:49:19,1770014959,2.0,0,0,0,369.338
2026-02-02 07:49:40,1770014980,2.0,0,0,0,369.623
2026-02-02 07:49:59,1770014999,2.0,0,0,0,369.907
2026-02-02 07:50:20,1770015020,2.0,0,0,0,370.192
2026-02-02 07:50:39,1770015039,2.0,0,0,0,370.476
2026-02-02 07:51:00,1770015060,2.0,0,0,0,370.761
2026-02-02 07:51:19,1770015079,2.0,0,0,0,371.045
2026-02-02 07:51:40,1770015100,2.0,0,0,0,371.33
2026-02-02 07:51:59,1770015119,2.0,0,0,0,371.614
2026-02-02 07:52:20,1770015140,2.0,0,0,0,371.899
2026-02-02 07:52:39,1770015159,2.0,0,0,0,372.183
2026-02-02 07:53:00,1770015180,2.0,0,0,0,372.468
2026-02-02 07:53:19,1770015199,2.0,0,0,0,372.752
2026-02-02 07:53:39,1770015219,2.0,0,0,0,373.036
2026-02-02 07:54:00,1770015240,2.0,0,0,0,373.321
2026-02-02 07:54:19,1770015259,2.0,0,0,0,373.605
2026-02-02 07:54:40,1770015280,2.0,0,0,0,373.89
2026-02-02 07:54:59,1770015299,2.0,0,0,0,374.174
2026-02-02 07:55:20,1770015320,2.0,0,0,0,374.459
2026-02-02 07:55:39,1770015339,2.0,0,0,0,374.743
2026-02-02 07:56:00,1770015360,2.0,0,0,0,375.028
2026-02-02 07:56:19,1770015379,2.0,0,0,0,375.312
2026-02-02 07:56:40,1770015400,2.0,0,0,0,375.597
2026-02-02 07:56:59,1770015419,2.0,0,0,0,375.881
2026-02-02 07:57:20,1770015440,2.0,0,0,0,376.166
2026-02-02 07:57:39,1770015459,2.0,0,0,0,376.45
2026-02-02 07:58:00,1770015480,2.0,0,0,0,376.735
2026-02-02 07:58:19,1770015499,2.0,0,0,0,377.019
2026-02-02 07:58:40,1770015520,2.0,0,0,0,377.304
2026-02-02 07:58:59,1770015539,2.0,0,0,0,377.588
2026-02-02 07:59:20,1770015560,2.0,0,0,0,377.873
2026-02-02 07:59:39,1770015579,2.0,0,0,0,378.157
2026-02-02 08:00:00,1770015600,2.0,0,0,0,378.442
2026-02-02 08:00:19,1770015619,2.0,0,0,0,378.726
2026-02-02 08:00:40,1770015640,2.0,0,0,0,379.011
2026-02-02 08:01:00,1770015660,2.0,0,0,0,379.295
2026-02-02 08:01:19,1770015679,2.0,0,0,0,379.579
2026-02-02 08:01:40,1770015700,2.0,0,0,0,379.864
2026-02-02 08:01:59,1770015719,2.0,0,0,0,380.148
2026-02-02 08:02:20,1770015740,2.0,0,0,0,380.433
2026-02-02 08:02:39,1770015759,2.0,0,0,0,380.717
2026-02-02 08:03:00,1770015780,2.0,0,0,0,381.002
2026-02-02 08:03:19,1770015799,2.0,0,0,0,381.286
2026-02-02 08:03:40,1770015820,2.0,0,0,0,381.571
2026-02-02 08:03:59,1770015839,2.0,0,0,0,381.855
2026-02-02 08:04:20,1770015860,2.0,0,0,0,382.14
2026-02-02 08:04:39,1770015879,2.0,0,0,0,382.424
2026-02-02 08:05:00,1770015900,2.0,0,0,0,382.709
2026-02-02 08:05:19,1770015919,2.0,0,0,0,382.993
2026-02-02 08:05:40,1770015940,2.0,0,0,0,383.278
2026-02-02 08:05:59,1770015959,2.0,0,0,0,383.562
2026-02-02 08:06:20,1770015980,2.0,0,0,0,383.847
2026-02-02 08:06:39,1770015999,2.0,0,0,0,384.131
2026-02-02 08:07:00,1770016020,2.0,0,0,0,384.416
2026-02-02 08:07:19,1770016039,2.0,0,0,0,384.7
2026-02-02 08:07:40,1770016060,2.0,0,0,0,384.985
2026-02-02 08:07:59,1770016079,2.0,0,0,0,385.269
2026-02-02 08:08:19,1770016099,2.0,0,0,0,385.553
2026-02-02 08:08:40,1770016120,2.0,0,0,0,385.838
2026-02-02 08:08:59,1770016139,2.0,0,0,0,386.122
2026-02-02 08:09:20,1770016160,2.0,0,0,0,386.407
2026-02-02 08:09:39,1770016179,2.0,0,0,0,386.691
2026-02-02 08:10:00,1770016200,2.0,0,0,0,386.976
2026-02-02 08:10:19,1770016219,2.0,0,0,0,387.26
2026-02-02 08:10:40,1770016240,2.0,0,0,0,387.545
2026-02-02 08:10:59,1770016259,2.0,0,0,0,387.829
2026-02-02 08:11:20,1770016280,2.0,0,0,0,388.114
2026-02-02 08:11:39,1770016299,2.0,0,0,0,388.398
2026-02-02 08:12:00,1770016320,2.0,0,0,0,388.683
2026-02-02 08:12:19,1770016339,2.0,0,0,0,388.967
2026-02-02 08:12:40,1770016360,2.0,0,0,0,389.252
2026-02-02 08:12:59,1770016379,2.0,0,0,0,389.536
2026-02-02 08:13:20,1770016400,2.0,0,0,0,389.821
2026-02-02 08:13:39,1770016419,2.0,0,0,0,390.105
2026-02-02 08:14:00,1770016440,2.0,0,0,0,390.39
2026-02-02 08:14:19,1770016459,2.0,0,0,0,390.674
2026-02-02 08:14:40,1770016480,2.0,0,0,0,390.959
2026-02-02 08:14:59,1770016499,2.0,0,0,0,391.243
2026-02-02 08:15:20,1770016520,2.0,0,0,0,391.528
2026-02-02 08:15:40,1770016540,2.0,0,0,0,391.812
2026-02-02 08:15:59,1770016559,2.0,0,0,0,392.096
2026-02-02 08:16:20,1770016580,2.0,0,0,0,392.381
2026-02-02 08:16:39,1770016599,2.0,0,0,0,392.665
2026-02-02 08:17:00,1770016620,2.0,0,0,0,392.95
2026-02-02 08:17:19,1770016639,2.0,0,0,0,393.234
2026-02-02 08:17:40,1770016660,2.0,0,0,0,393.519
2026-02-02 08:17:59,1770016679,2.0,0,0,0,393.803
2026-02-02 08:18:20,1770016700,2.0,0,0,0,394.088
2026-02-02 08:18:39,1770016719,2.0,0,0,0,394.372
2026-02-02 08:19:00,1770016740,2.0,0,0,0,394.657
2026-02-02 08:19:19,1770016759,2.0,0,0,0,394.941
2026-02-02 08:19:40,1770016780,2.0,0,0,0,395.226
2026-02-02 08:19:59,1770016799,2.0,0,0,0,395.51
2026-02-02 08:20:20,1770016820,2.0,0,0,0,395.795
2026-02-02 08:20:39,1770016839,2.0,0,0,0,396.079
2026-02-02 08:21:00,1770016860,2.0,0,0,0,396.364
2026-02-02 08:21:19,1770016879,2.0,0,0,0,396.648
2026-02-02 08:21:40,1770016900,2.0,0,0,0,396.933
2026-02-02 08:21:59,1770016919,2.0,0,0,0,397.217
2026-02-02 08:22:20,1770016940,2.0,0,0,0,397.502
2026-02-02 08:22:39,1770016959,2.0,0,0,0,397.786
2026-02-02 08:23:00,1770016980,2.0,0,0,0,398.071
2026-02-02 08:23:20,1770017000,2.0,0,0,0,398.355
2026-02-02 08:23:39,1770017019,2.0,0,0,0,398.639
2026-02-02 08:24:00,1770017040,2.0,0,0,0,398.924
2026-02-02 08:24:19,1770017059,2.0,0,0,0,399.208
2026-02-02 08:24:40,1770017080,2.0,0,0,0,399.493
2026-02-02 08:24:59,1770017099,2.0,0,0,0,399.777
2026-02-02 08:25:20,1770017120,2.0,0,0,0,400.062
2026-02-02 08:25:39,1770017139,2.0,0,0,0,400.346
2026-02-02 08:26:00,1770017160,2.0,0,0,0,400.631
2026-02-02 08:26:19,1770017179,2.0,0,0,0,400.915
2026-02-02 08:26:40,1770017200,2.0,0,0,0,401.2
2026-02-02 08:26:59,1770017219,2.0,0,0,0,401.484
2026-02-02 08:27:20,1770017240,2.0,0,0,0,401.769
2026-02-02 08:27:39,1770017259,2.0,0,0,0,402.053
2026-02-02 08:28:00,1770017280,2.0,0,0,0,402.338
2026-02-02 08:28:19,1770017299,2.0,0,0,0,402.622
2026-02-02 08:28:40,1770017320,2.0,0,0,0,402.907
2026-02-02 08:28:59,1770017339,2.0,0,0,0,403.191
2026-02-02 08:29:20,1770017360,2.0,0,0,0,403.476
2026-02-02 08:29:39,1770017379,2.0,0,0,0,403.76
2026-02-02 08:30:00,1770017400,2.0,0,0,0,404.045
2026-02-02 08:30:19,1770017419,2.0,0,0,0,404.329
2026-02-02 08:30:39,1770017439,2.0,0,0,0,404.613
2026-02-02 08:31:00,1770017460,2.0,0,0,0,404.898
2026-02-02 08:31:19,1770017479,2.0,0,0,0,405.182
2026-02-02 08:31:40,1770017500,2.0,0,0,0,405.467
2026-02-02 08:31:59,1770017519,2.0,0,0,0,405.751
2026-02-02 08:32:20,1770017540,2.0,0,0,0,406.036
2026-02-02 08:32:39,1770017559,2.0,0,0,0,406.32
2026-02-02 08:33:00,1770017580,2.0,0,0,0,406.605
2026-02-02 08:33:19,1770017599,2.0,0,0,0,406.889
2026-02-02 08:33:40,1770017620,2.0,0,0,0,407.174
2026-02-02 08:33:59,1770017639,2.0,0,0,0,407.458
2026-02-02 08:34:20,1770017660,2.0,0,0,0,407.743
2026-02-02 08:34:39,1770017679,2.0,0,0,0,408.027
2026-02-02 08:35:00,1770017700,2.0,0,0,0,408.312
2026-02-02 08:35:19,1770017719,2.0,0,0,0,408.596
2026-02-02 08:35:40,1770017740,2.0,0,0,0,408.881
2026-02-02 08:35:59,1770017759,2.0,0,0,0,409.165
2026-02-02 08:36:20,1770017780,2.0,0,0,0,409.45
2026-02-02 08:36:39,1770017799,2.0,0,0,0,409.734
2026-02-02 08:37:00,1770017820,2.0,0,0,0,410.019
2026-02-02 08:37:19,1770017839,2.0,0,0,0,410.303
2026-02-02 08:37:40,1770017860,2.0,0,0,0,410.588
2026-02-02 08:38:00,1770017880,2.0,0,0,0,410.872
2026-02-02 08:38:19,1770017899,2.0,0,0,0,411.156
2026-02-02 08:38:40,1770017920,2.0,0,0,0,411.441
2026-02-02 08:38:59,1770017939,2.0,0,0,0,411.725
2026-02-02 08:39:20,1770017960,2.0,0,0,0,412.01
2026-02-02 08:39:39,1770017979,2.0,0,0,0,412.294
2026-02-02 08:40:00,1770018000,2.0,0,0,0,412.579
2026-02-02 08:40:19,1770018019,2.0,0,0,0,412.863
2026-02-02 08:40:40,1770018040,2.0,0,0,0,413.148
2026-02-02 08:40:59,1770018059,2.0,0,0,0,413.432
2026-02-02 08:41:20,1770018080,2.0,0,0,0,413.717
2026-02-02 08:41:39,1770018099,2.0,0,0,0,414.001
2026-02-02 08:42:00,1770018120,2.0,0,0,0,414.286
2026-02-02 08:42:19,1770018139,2.0,0,0,0,414.57
2026-02-02 08:42:40,1770018160,2.0,0,0,0,414.855
2026-02-02 08:42:59,1770018179,2.0,0,0,0,415.139
2026-02-02 08:43:20,1770018200,2.0,0,0,0,415.424
2026-02-02 08:43:39,1770018219,2.0,0,0,0,415.708
2026-02-02 08:44:00,1770018240,2.0,0,0,0,415.993
2026-02-02 08:44:19,1770018259,2.0,0,0,0,416.277
2026-02-02 08:44:40,1770018280,2.0,0,0,0,416.562
2026-02-02 08:44:59,1770018299,2.0,0,0,0,416.846
2026-02-02 08:45:19,1770018319,2.0,0,0,0,417.13
2026-02-02 08:45:40,1770018340,2.0,0,0,0,417.415
2026-02-02 08:45:59,1770018359,2.0,0,0,0,417.699
2026-02-02 08:46:20,1770018380,2.0,0,0,0,417.984
2026-02-02 08:46:39,1770018399,2.0,0,0,0,418.268
2026-02-02 08:47:00,1770018420,2.0,0,0,0,418.553
2026-02-02 08:47:19,1770018439,2.0,0,0,0,418.837
2026-02-02 08:47:40,1770018460,2.0,0,0,0,419.122
2026-02-02 08:47:59,1770018479,2.0,0,0,0,419.406
2026-02-02 08:48:20,1770018500,2.0,0,0,0,419.691
2026-02-02 08:48:39,1770018519,2.0,0,0,0,419.975
2026-02-02 08:49:00,1770018540,2.0,0,0,0,420.26
2026-02-02 08:49:19,1770018559,2.0,0,0,0,420.544
2026-02-02 08:49:40,1770018580,2.0,0,0,0,420.829
2026-02-02 08:49:59,1770018599,2.0,0,0,0,421.113
2026-02-02 08:50:20,1770018620,2.0,0,0,0,421.398
2026-02-02 08:50:39,1770018639,4.0,0,0,0,421.682
2026-02-02 08:51:00,1770018660,4.0,0,0,0,421.967
2026-02-02 08:51:19,1770018679,4.0,0,0,0,422.251
2026-02-02 08:51:40,1770018700,4.0,0,0,0,422.536
2026-02-02 08:51:59,1770018719,4.0,0,0,0,422.82
2026-02-02 08:52:20,1770018740,4.0,0,0,0,423.105
2026-02-02 08:52:40,1770018760,4.0,0,0,0,423.389
2026-02-02 08:52:59,1770018779,4.0,0,0,0,423.673
2026-02-02 08:53:20,1770018800,4.0,0,0,0,423.958
2026-02-02 08:53:39,1770018819,4.0,0,0,0,424.242
2026-02-02 08:54:00,1770018840,4.0,0,0,0,424.527
2026-02-02 08:54:19,1770018859,4.0,0,0,0,424.811
2026-02-02 08:54:40,1770018880,4.0,0,0,0,425.096
2026-02-02 08:54:59,1770018899,4.0,0,0,0,425.38
2026-02-02 08:55:20,1770018920,4.0,0,0,0,425.665
2026-02-02 08:55:39,1770018939,4.0,0,0,0,425.949
2026-02-02 08:56:00,1770018960,4.0,0,0,0,426.234
2026-02-02 08:56:19,1770018979,4.0,0,0,0,426.518
2026-02-02 08:56:40,1770019000,4.0,0,0,0,426.803
2026-02-02 08:56:59,1770019019,4.0,0,0,0,427.087
2026-02-02 08:57:20,1770019040,4.0,0,0,0,427.372
2026-02-02 08:57:39,1770019059,4.0,0,0,0,427.656
2026-02-02 08:58:00,1770019080,4.0,0,0,0,427.941
2026-02-02 08:58:19,1770019099,4.0,0,0,0,428.225
2026-02-02 08:58:40,1770019120,4.0,0,0,0,428.51
2026-02-02 08:58:59,1770019139,4.0,0,0,0,428.794
2026-02-02 08:59:20,1770019160,4.0,0,0,0,429.079
2026-02-02 08:59:39,1770019179,4.0,0,0,0,429.363
2026-02-02 08:59:59,1770019199,4.0,0,0,0,429.647
2026-02-02 09:00:20,1770019220,4.0,0,0,0,429.932
2026-02-02 09:00:39,1770019239,4.0,0,0,0,430.216
2026-02-02 09:01:00,1770019260,4.0,0,0,0,430.501
2026-02-02 09:01:19,1770019279,4.0,0,0,0,430.785
2026-02-02 09:01:40,1770019300,4.0,0,0,0,431.07
2026-02-02 09:01:59,1770019319,4.0,0,0,0,431.354
2026-02-02 09:02:20,1770019340,4.0,0,0,0,431.639
2026-02-02 09:02:39,1770019359,4.0,0,0,0,431.923
2026-02-02 09:03:00,1770019380,4.0,0,0,0,432.208
2026-02-02 09:03:19,1770019399,4.0,0,0,0,432.492
2026-02-02 09:03:40,1770019420,2.0,0,0,0,432.777
2026-02-02 09:03:59,1770019439,2.0,0,0,0,433.061
2026-02-02 09:04:20,1770019460,2.0,0,0,0,433.346
2026-02-02 09:04:39,1770019479,2.0,0,0,0,433.63
2026-02-02 09:05:00,1770019500,2.0,0,0,0,433.915
2026-02-02 09:05:19,1770019519,2.0,0,0,0,434.199
2026-02-02 09:05:40,1770019540,2.0,0,0,0,434.484
2026-02-02 09:05:59,1770019559,2.0,0,0,0,434.768
2026-02-02 09:06:20,1770019580,2.0,0,0,0,435.053
2026-02-02 09:06:39,1770019599,2.0,0,0,0,435.337
2026-02-02 09:07:00,1770019620,2.0,0,0,0,435.622
2026-02-02 09:07:20,1770019640,2.0,0,0,0,435.906
2026-02-02 09:07:39,1770019659,2.0,0,0,0,436.19
2026-02-02 09:08:00,1770019680,2.0,0,0,0,436.475
2026-02-02 09:08:19,1770019699,2.0,0,0,0,436.759
2026-02-02 09:08:40,1770019720,2.0,0,0,0,437.044
2026-02-02 09:08:59,1770019739,2.0,0,0,0,437.328
2026-02-02 09:09:20,1770019760,2.0,0,0,0,437.613
2026-02-02 09:09:39,1770019779,2.0,0,0,0,437.897
2026-02-02 09:10:00,1770019800,2.0,0,0,0,438.182
2026-02-02 09:10:19,1770019819,2.0,0,0,0,438.466
2026-02-02 09:10:40,1770019840,2.0,0,0,0,438.751
2026-02-02 09:10:59,1770019859,2.0,0,0,0,439.035
2026-02-02 09:11:20,1770019880,2.0,0,0,0,439.32
2026-02-02 09:11:39,1770019899,2.0,0,0,0,439.604
2026-02-02 09:12:00,1770019920,2.0,0,0,0,439.889
2026-02-02 09:12:19,1770019939,2.0,0,0,0,440.173
2026-02-02 09:12:40,1770019960,2.0,0,0,0,440.458
2026-02-02 09:12:59,1770019979,2.0,0,0,0,440.742
2026-02-02 09:13:20,1770020000,2.0,0,0,0,441.027
2026-02-02 09:13:39,1770020019,2.0,0,0,0,441.311
2026-02-02 09:14:00,1770020040,2.0,0,0,0,441.596
2026-02-02 09:14:19,1770020059,2.0,0,0,0,441.88
2026-02-02 09:14:40,1770020080,2.0,0,0,0,442.165
2026-02-02 09:15:00,1770020100,2.0,0,0,0,442.449
2026-02-02 09:15:19,1770020119,2.0,0,0,0,442.733
2026-02-02 09:15:40,1770020140,2.0,0,0,0,443.018
2026-02-02 09:15:59,1770020159,2.0,0,0,0,443.302
2026-02-02 09:16:20,1770020180,2.0,0,0,0,443.587
2026-02-02 09:16:39,1770020199,2.0,0,0,0,443.871
2026-02-02 09:17:00,1770020220,2.0,0,0,0,444.156
2026-02-02 09:17:19,1770020239,2.0,0,0,0,444.44
2026-02-02 09:17:40,1770020260,2.0,0,0,0,444.725
2026-02-02 09:17:59,1770020279,2.0,0,0,0,445.009
2026-02-02 09:18:20,1770020300,2.0,0,0,0,445.294
2026-02-02 09:18:39,1770020319,2.0,0,0,0,445.578
2026-02-02 09:19:00,1770020340,2.0,0,0,0,445.863
2026-02-02 09:19:19,1770020359,2.0,0,0,0,446.147
2026-02-02 09:19:40,1770020380,2.0,0,0,0,446.432
2026-02-02 09:19:59,1770020399,2.0,0,0,0,446.716
2026-02-02 09:20:20,1770020420,2.0,0,0,0,447.001
2026-02-02 09:20:39,1770020439,2.0,0,0,0,447.285
2026-02-02 09:21:00,1770020460,2.0,0,0,0,447.57
2026-02-02 09:21:19,1770020479,2.0,0,0,0,447.854
2026-02-02 09:21:40,1770020500,2.0,0,0,0,448.139
2026-02-02 09:21:59,1770020519,2.0,0,0,0,448.423
2026-02-02 09:22:19,1770020539,2.0,0,0,0,448.707
2026-02-02 09:22:40,1770020560,2.0,0,0,0,448.992
2026-02-02 09:22:59,1770020579,2.0,0,0,0,449.276
2026-02-02 09:23:20,1770020600,2.0,0,0,0,449.561
2026-02-02 09:23:39,1770020619,2.0,0,0,0,449.845
2026-02-02 09:24:00,1770020640,2.0,0,0,0,450.13
2026-02-02 09:24:19,1770020659,2.0,0,0,0,450.414
2026-02-02 09:24:40,1770020680,2.0,0,0,0,450.699
2026-02-02 09:24:59,1770020699,2.0,0,0,0,450.983
2026-02-02 09:25:20,1770020720,2.0,0,0,0,451.268
2026-02-02 09:25:39,1770020739,2.0,0,0,0,451.552
2026-02-02 09:26:00,1770020760,2.0,0,0,0,451.837
2026-02-02 09:26:19,1770020779,2.0,0,0,0,452.121
2026-02-02 09:26:40,1770020800,2.0,0,0,0,452.406
2026-02-02 09:26:59,1770020819,2.0,0,0,0,452.69
2026-02-02 09:27:20,1770020840,2.0,0,0,0,452.975
2026-02-02 09:27:39,1770020859,2.0,0,0,0,453.259
2026-02-02 09:28:00,1770020880,2.0,0,0,0,453.544
2026-02-02 09:28:19,1770020899,2.0,0,0,0,453.828
2026-02-02 09:28:40,1770020920,2.0,0,0,0,454.113
2026-02-02 09:28:59,1770020939,2.0,0,0,0,454.397
2026-02-02 09:29:20,1770020960,2.0,0,0,0,454.682
2026-02-02 09:29:40,1770020980,2.0,0,0,0,454.966
2026-02-02 09:29:59,1770020999,2.0,0,0,0,455.25
2026-02-02 09:30:20,1770021020,2.0,0,0,0,455.535
2026-02-02 09:30:39,1770021039,2.0,0,0,0,455.819
2026-02-02 09:31:00,1770021060,2.0,0,0,0,456.104
2026-02-02 09:31:19,1770021079,2.0,0,0,0,456.388
2026-02-02 09:31:40,1770021100,2.0,0,0,0,456.673
2026-02-02 09:31:59,1770021119,2.0,0,0,0,456.957
2026-02-02 09:32:20,1770021140,2.0,0,0,0,457.242
2026-02-02 09:32:39,1770021159,2.0,0,0,0,457.526
2026-02-02 09:33:00,1770021180,2.0,0,0,0,457.811
2026-02-02 09:33:19,1770021199,2.0,0,0,0,458.095
2026-02-02 09:33:40,1770021220,2.0,0,0,0,458.38
2026-02-02 09:33:59,1770021239,2.0,0,0,0,458.664
2026-02-02 09:34:20,1770021260,2.0,0,0,0,458.949
2026-02-02 09:34:39,1770021279,2.0,0,0,0,459.233
2026-02-02 09:35:00,1770021300,2.0,0,0,0,459.518
2026-02-02 09:35:19,1770021319,2.0,0,0,0,459.802
2026-02-02 09:35:40,1770021340,2.0,0,0,0,460.087
2026-02-02 09:35:59,1770021359,2.0,0,0,0,460.371
2026-02-02 09:36:20,1770021380,2.0,0,0,0,460.656
2026-02-02 09:36:39,1770021399,2.0,0,0,0,460.94
2026-02-02 09:36:59,1770021419,2.0,0,0,0,461.224
2026-02-02 09:37:20,1770021440,2.0,0,0,0,461.509
2026-02-02 09:37:39,1770021459,2.0,0,0,0,461.793
2026-02-02 09:38:00,1770021480,2.0,0,0,0,462.078
2026-02-02 09:38:19,1770021499,2.0,0,0,0,462.362
2026-02-02 09:38:40,1770021520,2.0,0,0,0,462.647
2026-02-02 09:38:59,1770021539,2.0,0,0,0,462.931
2026-02-02 09:39:20,1770021560,2.0,0,0,0,463.216
2026-02-02 09:39:39,1770021579,2.0,0,0,0,463.5
2026-02-02 09:40:00,1770021600,2.0,0,0,0,463.785
2026-02-02 09:40:19,1770021619,2.0,0,0,0,464.069
2026-02-02 09:40:40,1770021640,2.0,0,0,0,464.354
2026-02-02 09:40:59,1770021659,2.0,0,0,0,464.638
2026-02-02 09:41:20,1770021680,2.0,0,0,0,464.923
2026-02-02 09:41:39,1770021699,2.0,0,0,0,465.207
2026-02-02 09:42:00,1770021720,2.0,0,0,0,465.492
2026-02-02 09:42:19,1770021739,2.0,0,0,0,465.776
2026-02-02 09:42:40,1770021760,2.0,0,0,0,466.061
2026-02-02 09:42:59,1770021779,2.0,0,0,0,466.345
2026-02-02 09:43:20,1770021800,2.0,0,0,0,466.63
2026-02-02 09:43:39,1770021819,2.0,0,0,0,466.914
2026-02-02 09:44:00,1770021840,2.0,0,0,0,467.199
2026-02-02 09:44:20,1770021860,2.0,0,0,0,467.483
2026-02-02 09:44:39,1770021879,2.0,0,0,0,467.767
2026-02-02 09:45:00,1770021900,2.0,0,0,0,468.052
2026-02-02 09:45:19,1770021919,2.0,0,0,0,468.336
2026-02-02 09:45:40,1770021940,2.0,0,0,0,468.621
2026-02-02 09:45:59,1770021959,2.0,0,0,0,468.905
2026-02-02 09:46:20,1770021980,2.0,0,0,0,469.19
2026-02-02 09:46:39,1770021999,2.0,0,0,0,469.474
2026-02-02 09:47:00,1770022020,2.0,0,0,0,469.759
2026-02-02 09:47:19,1770022039,2.0,0,0,0,470.043
2026-02-02 09:47:40,1770022060,3.0,0,0,0,470.328
2026-02-02 09:47:59,1770022079,3.0,0,0,0,470.612
2026-02-02 09:48:20,1770022100,3.0,0,0,0,470.897
2026-02-02 09:48:39,1770022119,3.0,0,0,0,471.181
2026-02-02 09:49:00,1770022140,3.0,0,0,0,471.466
2026-02-02 09:49:19,1770022159,3.0,0,0,0,471.75
2026-02-02 09:49:40,1770022180,4.0,0,0,0,472.035
2026-02-02 09:49:59,1770022199,4.0,0,0,0,472.319
2026-02-02 09:50:20,1770022220,4.0,0,0,0,472.604
2026-02-02 09:50:39,1770022239,4.0,0,0,0,472.888
2026-02-02 09:51:00,1770022260,4.0,0,0,0,473.173
2026-02-02 09:51:19,1770022279,4.0,0,0,0,473.457
2026-02-02 09:51:39,1770022299,4.0,0,0,0,473.741
2026-02-02 09:52:00,1770022320,4.0,0,0,0,474.026
2026-02-02 09:52:19,1770022339,4.0,0,0,0,474.31
2026-02-02 09:52:40,1770022360,4.0,0,0,0,474.595
2026-02-02 09:52:59,1770022379,4.0,0,0,0,474.879
2026-02-02 09:53:20,1770022400,4.0,0,0,0,475.164
2026-02-02 09:53:39,1770022419,4.0,0,0,0,475.448
2026-02-02 09:54:00,1770022440,4.0,0,0,0,475.733
2026-02-02 09:54:19,1770022459,4.0,0,0,0,476.017
2026-02-02 09:54:40,1770022480,4.0,0,0,0,476.302
2026-02-02 09:54:59,1770022499,4.0,0,0,0,476.586
2026-02-02 09:55:20,1770022520,4.0,0,0,0,476.871
2026-02-02 09:55:39,1770022539,4.0,0,0,0,477.155
2026-02-02 09:56:00,1770022560,4.0,0,0,0,477.44
2026-02-02 09:56:19,1770022579,4.0,0,0,0,477.724
2026-02-02 09:56:40,1770022600,4.0,0,0,0,478.009
2026-02-02 09:56:59,1770022619,4.0,0,0,0,478.293
2026-02-02 09:57:20,1770022640,4.0,0,0,0,478.578
2026-02-02 09:57:39,1770022659,4.0,0,0,0,478.862
2026-02-02 09:58:00,1770022680,4.0,0,0,0,479.147
2026-02-02 09:58:19,1770022699,4.0,0,0,0,479.431
2026-02-02 09:58:40,1770022720,4.0,0,0,0,479.716
2026-02-02 09:59:00,1770022740,4.0,0,0,0,480.0
